Month;Inflation_mean;Inflation_std;Inflation_p05;Inflation_p95;Unemployment_mean;Unemployment_std;Unemployment_p05;Unemployment_p95;TotalAdoption_mean;TotalAdoption_std;TotalAdoption_p05;TotalAdoption_p95;ExRate_mean;ExRate_std;ExRate_p05;ExRate_p95;MarketWage_mean;MarketWage_std;MarketWage_p05;MarketWage_p95;GovDebt_mean;GovDebt_std;GovDebt_p05;GovDebt_p95;NPL_mean;NPL_std;NPL_p05;NPL_p95;RefRate_mean;RefRate_std;RefRate_p05;RefRate_p95;PriceLevel_mean;PriceLevel_std;PriceLevel_p05;PriceLevel_p95;AutoRatio_mean;AutoRatio_std;AutoRatio_p05;AutoRatio_p95;HybridRatio_mean;HybridRatio_std;HybridRatio_p05;HybridRatio_p95;BPO_Auto_mean;BPO_Auto_std;BPO_Auto_p05;BPO_Auto_p95;Manuf_Auto_mean;Manuf_Auto_std;Manuf_Auto_p05;Manuf_Auto_p95;Retail_Auto_mean;Retail_Auto_std;Retail_Auto_p05;Retail_Auto_p95;Health_Auto_mean;Health_Auto_std;Health_Auto_p05;Health_Auto_p95;Public_Auto_mean;Public_Auto_std;Public_Auto_p05;Public_Auto_p95;Agri_Auto_mean;Agri_Auto_std;Agri_Auto_p05;Agri_Auto_p95;EffectiveBDP_mean;EffectiveBDP_std;EffectiveBDP_p05;EffectiveBDP_p95
1;0,013994;0,000022;0,013960;0,014025;0,002080;0,000000;0,002080;0,002080;0,000327;0,000173;0,000100;0,000600;4,330000;0,000000;4,330000;4,330000;8268,073113;0,000000;8268,073113;8268,073113;-77146674,808078;611,681776;-77147618,794077;-77145818,794077;0,023843;0,076995;0,000000;0,204216;0,033500;0,000000;0,033500;0,033500;0,999998;0,000006;0,999989;1,000007;0,000107;0,000096;0,000000;0,000300;0,000220;0,000156;0,000000;0,000500;0,001000;0,001528;0,000000;0,003333;0,000313;0,000504;0,000000;0,001251;0,000548;0,000362;0,000000;0,001111;0,000000;0,000000;0,000000;0,000000;0,000000;0,000000;0,000000;0,000000;0,000000;0,000000;0,000000;0,000000;0,000000;0,000000;0,000000;0,000000
2;0,009755;0,000053;0,009675;0,009851;0,002070;0,000000;0,002070;0,002070;0,000677;0,000253;0,000300;0,001000;4,330000;0,000000;4,330000;4,330000;8269,949304;0,100510;8269,809408;8270,097137;-154321905,032023;9085,548268;-154336527,396959;-154308508,668799;0,041672;0,102244;0,000000;0,360671;0,032225;0,000000;0,032225;0,032225;0,999987;0,000016;0,999962;1,000016;0,000213;0,000136;0,000000;0,000400;0,000463;0,000218;0,000100;0,000800;0,002000;0,002373;0,000000;0,006667;0,000583;0,000624;0,000000;0,001876;0,001163;0,000451;0,000222;0,002000;0,000000;0,000000;0,000000;0,000000;0,000000;0,000000;0,000000;0,000000;0,000000;0,000000;0,000000;0,000000;0,000000;0,000000;0,000000;0,000000
3;0,006747;0,000088;0,006632;0,006912;0,002070;0,000000;0,002070;0,002070;0,001070;0,000331;0,000500;0,001600;4,330000;0,000000;4,330000;4,330000;8271,612888;0,207437;8271,198732;8271,992643;-231522222,465599;21362,645918;-231553365,934903;-231484241,240554;0,047518;0,084553;0,000000;0,323414;0,031141;0,000000;0,031141;0,031141;0,999964;0,000030;0,999923;1,000021;0,000297;0,000174;0,000000;0,000500;0,000773;0,000259;0,000500;0,001300;0,002444;0,002572;0,000000;0,006667;0,000959;0,000909;0,000000;0,002502;0,001874;0,000707;0,000222;0,002889;0,000000;0,000000;0,000000;0,000000;0,000000;0,000000;0,000000;0,000000;0,000000;0,000000;0,000000;0,000000;0,000000;0,000000;0,000000;0,000000
4;0,004598;0,000131;0,004434;0,004834;0,002060;0,000000;0,002060;0,002060;0,001490;0,000515;0,000500;0,002400;4,330000;0,000000;4,330000;4,330000;8273,059761;0,329826;8272,518823;8273,749614;-308743797,728294;36589,571169;-308798168,271559;-308672152,484999;0,046282;0,083079;0,000000;0,325506;0,030220;0,000000;0,030220;0,030220;0,999930;0,000048;0,999873;1,000016;0,000383;0,000207;0,000000;0,000700;0,001107;0,000395;0,000500;0,001700;0,004000;0,003590;0,000000;0,010000;0,001396;0,000951;0,000000;0,003125;0,002548;0,001059;0,000222;0,004444;0,000000;0,000000;0,000000;0,000000;0,000000;0,000000;0,000000;0,000000;0,000000;0,000000;0,000000;0,000000;0,000000;0,000000;0,000000;0,000000
5;0,003028;0,000197;0,002769;0,003400;0,002059;0,000003;0,002050;0,002060;0,002074;0,000754;0,000500;0,003100;4,330000;0,000000;4,330000;4,330000;8274,269288;0,513632;8273,531374;8275,159469;-385987365,469957;55418,504509;-386068572,736279;-385874489,463345;0,041827;0,077982;0,000000;0,309230;0,029437;0,000000;0,029437;0,029437;0,999877;0,000076;0,999777;1,000021;0,000497;0,000263;0,000000;0,000900;0,001577;0,000581;0,000500;0,002200;0,006667;0,005305;0,000000;0,016667;0,002063;0,001313;0,000000;0,004375;0,003423;0,001414;0,000444;0,005556;0,000056;0,000299;0,000000;0,000000;0,000000;0,000000;0,000000;0,000000;0,000000;0,000000;0,000000;0,000000;0,000000;0,000000;0,000000;0,000000
6;0,001855;0,000279;0,001517;0,002411;0,002055;0,000005;0,002050;0,002060;0,002660;0,000875;0,000600;0,003800;4,330000;0,000000;4,330000;4,330000;8275,179805;0,820840;8274,136957;8276,539766;-463258276,363735;82607,090625;-463376273,085089;-463093927,070977;0,037198;0,068536;0,000000;0,274037;0,028771;0,000000;0,028771;0,028771;0,999803;0,000114;0,999660;1,000030;0,000600;0,000320;0,000000;0,001100;0,002060;0,000677;0,000600;0,003101;0,009335;0,006171;0,000000;0,020000;0,002875;0,001643;0,000625;0,005625;0,004260;0,001559;0,000889;0,006444;0,000056;0,000299;0,000000;0,000000;0,000000;0,000000;0,000000;0,000000;0,000000;0,000000;0,000000;0,000000;0,000000;0,000000;0,000000;0,000000
7;0,000945;0,000372;0,000509;0,001732;0,002053;0,000006;0,002050;0,002070;0,003307;0,001073;0,000600;0,004700;4,330000;0,000000;4,330000;4,330000;8275,789227;1,214552;8274,136995;8277,791195;-540552995,144931;113537,624337;-540725380,206038;-540329899,042401;0,035111;0,064832;0,000000;0,260335;0,028206;0,000000;0,028206;0,028206;0,999705;0,000162;0,999506;1,000042;0,000743;0,000401;0,000000;0,001500;0,002564;0,000809;0,000600;0,003501;0,013340;0,007746;0,000000;0,026667;0,003772;0,001727;0,001250;0,006250;0,005112;0,001826;0,000889;0,007335;0,000056;0,000299;0,000000;0,000000;0,000000;0,000000;0,000000;0,000000;0,000000;0,000000;0,000000;0,000000;0,000000;0,000000;0,000000;0,000000
8;0,000189;0,000493;-0,000417;0,001253;0,002131;0,000149;0,002040;0,002390;0,004044;0,001307;0,000700;0,005501;4,330000;0,000000;4,330000;4,330000;8276,048495;1,713293;8273,839127;8278,993130;-617859116,549078;136719,834877;-618049847,240246;-617582951,885722;0,026819;0,037804;0,000000;0,146839;0,027725;0,000000;0,027725;0,027725;0,999574;0,000225;0,999299;1,000053;0,000937;0,000505;0,000100;0,001800;0,003107;0,000986;0,000600;0,004400;0,017687;0,009373;0,003333;0,033333;0,004689;0,001908;0,001251;0,008125;0,006135;0,002208;0,000889;0,008889;0,000056;0,000299;0,000000;0,000000;0,000000;0,000000;0,000000;0,000000;0,000000;0,000000;0,000000;0,000000;0,000000;0,000000;0,000000;0,000000
9;-0,000491;0,000637;-0,001294;0,000919;0,002395;0,000331;0,002040;0,003060;0,004871;0,001502;0,000800;0,006701;4,330000;0,000000;4,330000;4,330000;8275,908590;2,331903;8273,074624;8280,264782;-695143305,962280;139559,785757;-695333064,567329;-694853307,818823;0,032612;0,063850;0,001569;0,141847;0,027316;0,000000;0,027316;0,027316;0,999401;0,000305;0,999041;1,000065;0,001087;0,000555;0,000100;0,002100;0,003784;0,001124;0,000700;0,004902;0,021591;0,010875;0,003333;0,036667;0,005960;0,002121;0,001876;0,008750;0,007254;0,002526;0,000889;0,010667;0,000111;0,000416;0,000000;0,001667;0,000000;0,000000;0,000000;0,000000;0,000000;0,000000;0,000000;0,000000;0,000000;0,000000;0,000000;0,000000
10;-0,001139;0,000799;-0,002315;0,000672;0,002750;0,000499;0,002030;0,003510;0,005691;0,001700;0,001201;0,007401;4,330000;0,000000;4,330000;4,330000;8275,342051;3,040100;8271,913084;8281,536631;-772379201,270619;135547,290798;-772576535,381229;-772108264,454914;0,031239;0,061135;0,002091;0,141122;0,026969;0,000000;0,026969;0,026969;0,999180;0,000401;0,998688;1,000073;0,001274;0,000614;0,000100;0,002200;0,004418;0,001264;0,001101;0,005901;0,025152;0,011887;0,003333;0,043333;0,006982;0,002475;0,001877;0,009387;0,008469;0,002886;0,001779;0,012003;0,000167;0,000500;0,000000;0,001667;0,000000;0,000000;0,000000;0,000000;0,000000;0,000000;0,000000;0,000000;0,000000;0,000000;0,000000;0,000000
11;-0,001788;0,000981;-0,003185;0,000471;0,003151;0,000627;0,002030;0,003960;0,006602;0,001980;0,001201;0,008703;4,330000;0,000000;4,330000;4,330000;8274,347314;3,838873;8269,977096;8282,440975;-849557174,132116;167271,562379;-849762799,616540;-849187051,136821;0,030383;0,057718;0,003732;0,134066;0,026673;0,000000;0,026673;0,026673;0,998905;0,000516;0,998234;1,000073;0,001500;0,000717;0,000100;0,002601;0,005101;0,001445;0,001101;0,006401;0,029165;0,013453;0,003333;0,050167;0,008566;0,003003;0,001877;0,011882;0,009662;0,003300;0,001779;0,013559;0,000167;0,000500;0,000000;0,001667;0,000000;0,000000;0,000000;0,000000;0,000000;0,000000;0,000000;0,000000;0,000000;0,000000;0,000000;0,000000
12;-0,002456;0,001185;-0,004109;0,000310;0,003633;0,000805;0,002030;0,004750;0,007499;0,002210;0,001701;0,009703;4,330000;0,000000;4,330000;4,330000;8272,869629;4,806185;8267,198384;8283,345417;-926655663,345874;243390,245118;-926996223,225374;-926138580,536669;0,027135;0,053175;0,003116;0,096133;0,026422;0,000000;0,026422;0,026422;0,998571;0,000652;0,997722;1,000067;0,001720;0,000805;0,000100;0,002801;0,005778;0,001600;0,001601;0,007302;0,033737;0,016064;0,003333;0,063545;0,010317;0,003434;0,003129;0,015000;0,010730;0,003546;0,002447;0,014892;0,000167;0,000500;0,000000;0,001667;0,000000;0,000000;0,000000;0,000000;0,000000;0,000000;0,000000;0,000000;0,000000;0,000000;0,000000;0,000000
13;-0,003166;0,001399;-0,004904;0,000120;0,004092;0,000959;0,002020;0,005270;0,008540;0,002362;0,002702;0,011106;4,330000;0,000000;4,330000;4,330000;8270,934411;5,904861;8264,033700;8284,051158;-1003679308,355319;367196,217895;-1004219787,973635;-1002974141,518970;0,023792;0,041691;0,005435;0,059305;0,026209;0,000000;0,026209;0,026209;0,998170;0,000807;0,997163;1,000041;0,002054;0,000918;0,000100;0,003302;0,006486;0,001646;0,002602;0,008003;0,039429;0,016450;0,003333;0,063545;0,011943;0,003500;0,005006;0,016875;0,012072;0,003727;0,004004;0,016448;0,000278;0,000756;0,000000;0,001667;0,000000;0,000000;0,000000;0,000000;0,000000;0,000000;0,000000;0,000000;0,000000;0,000000;0,000000;0,000000
14;-0,003942;0,001617;-0,005828;-0,000142;0,004690;0,001110;0,002020;0,006270;0,009540;0,002545;0,003603;0,012007;4,330000;0,000000;4,330000;4,330000;8268,398408;7,116644;8260,542972;8284,349384;-1080602299,423402;527726,841165;-1081442872,161115;-1079698648,449295;0,022828;0,039934;0,004473;0,065696;0,026028;0,000000;0,026028;0,026028;0,997691;0,000981;0,996565;0,999978;0,002411;0,001019;0,000300;0,003802;0,007129;0,001750;0,003303;0,008903;0,044459;0,016350;0,010033;0,070234;0,013527;0,003769;0,006884;0,018136;0,013392;0,003999;0,004894;0,018226;0,000333;0,000793;0,000000;0,001667;0,000000;0,000000;0,000000;0,000000;0,000000;0,000000;0,000000;0,000000;0,000000;0,000000;0,000000;0,000000
15;-0,004789;0,001841;-0,006924;-0,000515;0,005268;0,001231;0,002360;0,006930;0,010742;0,002697;0,004604;0,013504;4,330000;0,000000;4,330000;4,330000;8265,288289;8,421370;8256,607392;8284,011383;-1157421645,149535;722414,849676;-1158807891,129804;-1156306881,072047;0,018667;0,019682;0,004133;0,063367;0,025874;0,000000;0,025874;0,025874;0,997129;0,001173;0,995809;0,999863;0,002818;0,001159;0,000400;0,004402;0,007924;0,001817;0,004204;0,009804;0,049825;0,016557;0,013423;0,073333;0,015216;0,003892;0,010638;0,019387;0,015098;0,004375;0,005562;0,020676;0,000389;0,000826;0,000000;0,001667;0,000000;0,000000;0,000000;0,000000;0,000000;0,000000;0,000000;0,000000;0,000000;0,000000;0,000000;0,000000
16;-0,005738;0,002081;-0,008113;-0,000991;0,005969;0,001361;0,002910;0,007510;0,012063;0,002933;0,005705;0,015708;4,330000;0,000000;4,330000;4,330000;8261,492663;9,849738;8251,267018;8283,126650;-1234107492,054064;954500,394900;-1235865131,254019;-1232812433,339278;0,016593;0,011280;0,004700;0,049550;0,025743;0,000000;0,025743;0,025743;0,996468;0,001387;0,994946;0,999687;0,003295;0,001314;0,000500;0,005203;0,008768;0,001873;0,005205;0,010706;0,053982;0,016935;0,016779;0,076667;0,017177;0,004224;0,012508;0,023750;0,017057;0,004693;0,007119;0,023121;0,000444;0,000853;0,000000;0,001667;0,000000;0,000000;0,000000;0,000000;0,000000;0,000000;0,000000;0,000000;0,000000;0,000000;0,000000;0,000000
17;-0,006787;0,002330;-0,009561;-0,001587;0,006745;0,001571;0,003390;0,008950;0,013298;0,003067;0,006506;0,017009;4,330000;0,000000;4,330000;4,330000;8256,933203;11,431199;8245,423869;8281,774844;-1310639155,370675;1235620,915649;-1312936776,008091;-1309138567,047261;0,016237;0,008136;0,004756;0,035339;0,025631;0,000000;0,025631;0,025631;0,995702;0,001623;0,993856;0,999439;0,003832;0,001395;0,001101;0,005803;0,009466;0,001948;0,005405;0,011607;0,058242;0,017462;0,023490;0,083333;0,019409;0,004479;0,014384;0,025625;0,018712;0,004906;0,007786;0,025128;0,000556;0,000896;0,000000;0,001667;0,000000;0,000000;0,000000;0,000000;0,000000;0,000000;0,000000;0,000000;0,000000;0,000000;0,000000;0,000000
18;-0,007922;0,002561;-0,011094;-0,002203;0,007535;0,001687;0,003950;0,009730;0,014560;0,003178;0,007106;0,018511;4,330000;0,000000;4,330000;4,330000;8251,601873;13,110984;8237,706152;8279,866723;-1387002346,527111;1562327,258447;-1389986702,537485;-1385231024,168739;0,016784;0,006904;0,004823;0,027195;0,025536;0,000000;0,025536;0,025536;0,994825;0,001873;0,992641;0,999136;0,004376;0,001463;0,001201;0,006604;0,010184;0,002024;0,005905;0,012610;0,061744;0,017736;0,026846;0,087248;0,021768;0,004834;0,015645;0,029393;0,020420;0,005011;0,008454;0,027352;0,000778;0,001030;0,000000;0,003333;0,000000;0,000000;0,000000;0,000000;0,000000;0,000000;0,000000;0,000000;0,000000;0,000000;0,000000;0,000000
19;-0,009146;0,002800;-0,012655;-0,002740;0,008332;0,001824;0,004230;0,010670;0,015956;0,003421;0,007407;0,020014;4,330000;0,000000;4,330000;4,330000;8245,486861;14,833383;8228,997249;8277,690774;-1463181586,925393;1928586,458965;-1466973592,482683;-1461063354,351588;0,017564;0,008771;0,005725;0,032966;0,025456;0,000000;0,025456;0,025456;0,993831;0,002143;0,991293;0,998804;0,004981;0,001647;0,001201;0,007306;0,010975;0,002114;0,006206;0,012912;0,065909;0,018672;0,026846;0,093333;0,024169;0,005138;0,015645;0,031915;0,022371;0,005401;0,009121;0,029163;0,000945;0,001193;0,000000;0,003333;0,000000;0,000000;0,000000;0,000000;0,000000;0,000000;0,000000;0,000000;0,000000;0,000000;0,000000;0,000000
20;-0,010473;0,003082;-0,014457;-0,003243;0,009192;0,002029;0,004350;0,011770;0,017371;0,003645;0,008307;0,022218;4,330000;0,000000;4,330000;4,330000;8238,533641;16,690991;8219,302988;8275,406131;-1539168743,374861;2345656,994689;-1543913389,643808;-1536566200,894996;0,017416;0,007501;0,005267;0,029827;0,025388;0,000000;0,025388;0,025388;0,992708;0,002441;0,989751;0,998436;0,005681;0,001935;0,001301;0,008207;0,011690;0,002137;0,007006;0,013612;0,068936;0,019425;0,026846;0,096667;0,026299;0,005257;0,017522;0,034418;0,024531;0,005888;0,010456;0,033370;0,001167;0,001371;0,000000;0,003333;0,000000;0,000000;0,000000;0,000000;0,000000;0,000000;0,000000;0,000000;0,000000;0,000000;0,000000;0,000000
21;-0,011890;0,003372;-0,016387;-0,003886;0,010108;0,002214;0,004750;0,013230;0,018814;0,003752;0,009308;0,023326;4,330000;0,000000;4,330000;4,330000;8230,708465;18,703340;8208,808582;8272,724900;-1614941133,137522;2803027,671642;-1620771441,641208;-1611848447,451270;0,017286;0,006079;0,009151;0,026956;0,025329;0,000000;0,025329;0,025329;0,991451;0,002761;0,988028;0,997988;0,006363;0,002124;0,002002;0,009510;0,012452;0,002120;0,007307;0,014111;0,073766;0,019286;0,030201;0,104027;0,028953;0,005335;0,021277;0,036944;0,026454;0,006211;0,010901;0,034920;0,001334;0,001388;0,000000;0,003339;0,000000;0,000000;0,000000;0,000000;0,000000;0,000000;0,000000;0,000000;0,000000;0,000000;0,000000;0,000000
22;-0,013414;0,003673;-0,018454;-0,004721;0,011038;0,002329;0,005430;0,014300;0,020458;0,003951;0,010712;0,025723;4,330000;0,000000;4,330000;4,330000;8222,002090;20,768575;8196,987898;8269,379410;-1690485398,529583;3293854,485009;-1697541953,661580;-1686761001,488224;0,016951;0,004755;0,009706;0,025620;0,025280;0,000000;0,025280;0,025280;0,990050;0,003104;0,986112;0,997433;0,007147;0,002380;0,002703;0,010514;0,013311;0,002064;0,008009;0,015214;0,078155;0,019666;0,033333;0,108108;0,031669;0,005344;0,023780;0,038221;0,028788;0,006625;0,013132;0,038059;0,001834;0,001844;0,000000;0,005000;0,000000;0,000000;0,000000;0,000000;0,000000;0,000000;0,000000;0,000000;0,000000;0,000000;0,000000;0,000000
23;-0,015078;0,003991;-0,020736;-0,005785;0,012116;0,002541;0,006470;0,015740;0,022145;0,004074;0,012213;0,027525;4,330000;0,000000;4,330000;4,330000;8212,274799;22,987565;8184,053051;8265,023101;-1765767646,148993;3836185,706056;-1774110637,564252;-1761328015,366014;0,016346;0,004656;0,008639;0,023917;0,025238;0,000000;0,025238;0,025238;0,988487;0,003471;0,983970;0,996746;0,008062;0,002593;0,003404;0,011817;0,014083;0,002041;0,008810;0,016418;0,083772;0,019387;0,040268;0,111486;0,035055;0,005954;0,025657;0,041901;0,030905;0,006819;0,015135;0,039608;0,002278;0,002085;0,000000;0,006667;0,000000;0,000000;0,000000;0,000000;0,000000;0,000000;0,000000;0,000000;0,000000;0,000000;0,000000;0,000000
24;-0,016871;0,004315;-0,023065;-0,006944;0,013241;0,002669;0,007350;0,016930;0,023960;0,004264;0,013515;0,029429;4,330000;0,000000;4,330000;4,330000;8201,488993;25,292401;8170,618109;8259,806218;-1840781477,638907;4412474,763437;-1850543892,804086;-1835475078,371079;0,016515;0,004720;0,009036;0,024363;0,025202;0,000000;0,025202;0,025202;0,986754;0,003863;0,981633;0,995945;0,008968;0,002788;0,003904;0,013421;0,014992;0,002072;0,009611;0,017121;0,089272;0,020493;0,040268;0,114865;0,038590;0,006123;0,028786;0,046366;0,033277;0,007232;0,016247;0,042965;0,002612;0,002264;0,000000;0,006667;0,000000;0,000000;0,000000;0,000000;0,000000;0,000000;0,000000;0,000000;0,000000;0,000000;0,000000;0,000000
25;-0,018763;0,004654;-0,025523;-0,008257;0,014446;0,002854;0,008070;0,018270;0,025649;0,004410;0,015420;0,031338;4,330000;0,000000;4,330000;4,330000;8189,574632;27,771969;8155,427570;8253,898805;-1915489510,199866;5046303,214493;-1926844259,116312;-1909164973,824047;0,017276;0,004420;0,010344;0,026670;0,025172;0,000000;0,025172;0,025172;0,984850;0,004283;0,979076;0,995005;0,009794;0,003005;0,004906;0,014727;0,015856;0,002078;0,010514;0,017528;0,093698;0,020402;0,053691;0,122034;0,042086;0,006351;0,033813;0,050752;0,035488;0,007680;0,018255;0,046771;0,002723;0,002214;0,000000;0,006667;0,000000;0,000000;0,000000;0,000000;0,000000;0,000000;0,000000;0,000000;0,000000;0,000000;0,000000;0,000000
26;-0,020739;0,004993;-0,028201;-0,009753;0,015602;0,003028;0,009450;0,019830;0,027314;0,004522;0,016722;0,033841;4,330000;0,000000;4,330000;4,330000;8176,590348;30,407833;8138,487116;8246,648580;-1989869091,089643;5746635,123918;-2002892700,230862;-1982587986,195412;0,016485;0,003752;0,008892;0,021742;0,025146;0,000000;0,025146;0,025146;0,982771;0,004731;0,976266;0,993907;0,010699;0,003183;0,005607;0,016119;0,016615;0,002106;0,011114;0,018329;0,098852;0,019715;0,057047;0,128814;0,045474;0,006714;0,037547;0,056391;0,037564;0,007951;0,019590;0,049264;0,003334;0,002653;0,000000;0,008333;0,000000;0,000000;0,000000;0,000000;0,000000;0,000000;0,000000;0,000000;0,000000;0,000000;0,000000;0,000000
27;-0,022825;0,005323;-0,031048;-0,011379;0,016716;0,003149;0,010250;0,021510;0,029351;0,004690;0,018925;0,036347;4,330000;0,000000;4,330000;4,330000;8162,586899;33,145996;8120,009495;8238,642734;-2063936146,919768;6500503,817367;-2078760401,469545;-2055783502,277429;0,016442;0,003504;0,009284;0,022462;0,025124;0,000000;0,025124;0,025124;0,980506;0,005200;0,973199;0,992650;0,011779;0,003381;0,006709;0,018025;0,017572;0,002085;0,012216;0,019842;0,104387;0,020131;0,063758;0,132203;0,049746;0,006622;0,041327;0,061442;0,040161;0,008215;0,022707;0,053500;0,003724;0,002711;0,000000;0,008333;0,000000;0,000000;0,000000;0,000000;0,000000;0,000000;0,000000;0,000000;0,000000;0,000000;0,000000;0,000000
28;-0,025027;0,005649;-0,034192;-0,013228;0,018092;0,003315;0,011570;0,023220;0,031181;0,004842;0,020731;0,039695;4,330000;0,000000;4,330000;4,330000;8147,320137;35,988444;8099,995296;8229,369317;-2137625215,016393;7311454,858882;-2154388173,411413;-2128621697,401988;0,016436;0,003842;0,010613;0,022730;0,025106;0,000000;0,025106;0,025106;0,978044;0,005691;0,969831;0,991199;0,012729;0,003534;0,008012;0,019029;0,018452;0,002194;0,012719;0,020844;0,108336;0,020564;0,070470;0,141892;0,053624;0,006700;0,043206;0,064577;0,042504;0,008537;0,025390;0,055952;0,004391;0,003059;0,000000;0,010000;0,000000;0,000000;0,000000;0,000000;0,000000;0,000000;0,000000;0,000000;0,000000;0,000000;0,000000;0,000000
29;-0,027313;0,005994;-0,037552;-0,015210;0,019309;0,003420;0,013010;0,025650;0,033134;0,005135;0,022440;0,041767;4,330000;0,000000;4,330000;4,330000;8130,958280;38,886300;8077,649029;8218,713930;-2210942524,430849;8168428,088378;-2229697882,292589;-2201016767,391481;0,016156;0,003097;0,010951;0,020324;0,025090;0,000000;0,025090;0,025090;0,975386;0,006208;0,966163;0,989561;0,013792;0,003831;0,008916;0,020737;0,019342;0,002298;0,013524;0,021835;0,112399;0,020808;0,077181;0,148649;0,057437;0,007461;0,045711;0,068381;0,045133;0,009020;0,027635;0,059951;0,005114;0,003161;0,001667;0,010017;0,000000;0,000000;0,000000;0,000000;0,000000;0,000000;0,000000;0,000000;0,000000;0,000000;0,000000;0,000000
30;-0,024601;0,006529;-0,035789;-0,011885;0,020625;0,003647;0,014360;0,027120;0,046556;0,006425;0,033480;0,056994;4,330000;0,000000;4,330000;4,330000;8116,048909;41,821065;8056,983171;8209,107897;-2245359443,650899;9089954,558085;-2266142361,209238;-2234079704,241571;0,018566;0,003528;0,012564;0,024386;0,025076;0,000000;0,025076;0,025076;0,973904;0,006806;0,963465;0,989220;0,020922;0,004999;0,014535;0,031190;0,025634;0,002625;0,018945;0,028480;0,146583;0,021663;0,100671;0,186441;0,086308;0,008648;0,068966;0,096977;0,061926;0,011616;0,041713;0,084617;0,009505;0,005039;0,003333;0,018333;0,000000;0,000000;0,000000;0,000000;0,000000;0,000000;0,000000;0,000000;500,000000;0,000000;500,000000;500,000000
31;-0,026708;0,007320;-0,038764;-0,013136;0,029758;0,004755;0,021630;0,038020;0,059670;0,007659;0,046148;0,071966;4,330000;0,000000;4,330000;4,330000;8092,406774;45,593710;8025,212875;8192,420423;-2278481293,349376;10194634,097989;-2301664709,384906;-2265410839,788362;0,019335;0,003181;0,013678;0,023942;0,025065;0,000000;0,025065;0,025065;0,971343;0,007494;0,959737;0,987897;0,027117;0,005948;0,019864;0,038944;0,032553;0,002945;0,024980;0,036238;0,179881;0,022652;0,134680;0,217687;0,116215;0,009958;0,100629;0,127820;0,077925;0,013311;0,056237;0,103618;0,012680;0,006174;0,005000;0,025000;0,000000;0,000000;0,000000;0,000000;0,000000;0,000000;0,000000;0,000000;500,000000;0,000000;500,000000;500,000000
32;-0,031955;0,008203;-0,045682;-0,017709;0,038246;0,005694;0,030140;0,048070;0,072133;0,008268;0,058416;0,086113;4,330000;0,000000;4,330000;4,330000;8060,804344;49,892977;7982,329348;8167,528572;-2310283578,231250;11466970,962171;-2336008456,120317;-2294935213,758807;0,019109;0,002811;0,015630;0,024178;0,025055;0,000000;0,025055;0,025055;0,967771;0,008231;0,955118;0,985561;0,032391;0,006777;0,023888;0,045619;0,039741;0,003185;0,032018;0,043614;0,216603;0,025770;0,164430;0,255102;0,144985;0,010866;0,130517;0,158690;0,092626;0,014234;0,070105;0,121171;0,016025;0,007644;0,005008;0,030000;0,000030;0,000113;0,000000;0,000455;0,000000;0,000000;0,000000;0,000000;500,000000;0,000000;500,000000;500,000000
33;-0,039375;0,009084;-0,055097;-0,024950;0,045995;0,006267;0,037620;0,057440;0,085161;0,008981;0,073230;0,098562;4,330000;0,000000;4,330000;4,330000;8022,124744;54,273936;7936,699968;8135,567400;-2340791308,260943;12818834,971572;-2369275604,699872;-2322495407,477021;0,019111;0,002668;0,015250;0,023263;0,025047;0,000000;0,025047;0,025047;0,963206;0,008985;0,949646;0,982124;0,037823;0,007636;0,028436;0,051192;0,047338;0,003426;0,039478;0,051885;0,250849;0,026019;0,191275;0,286195;0,175894;0,014329;0,159494;0,200000;0,108108;0,014803;0,088091;0,134572;0,018869;0,009127;0,005042;0,033445;0,000061;0,000155;0,000000;0,000455;0,000000;0,000000;0,000000;0,000000;500,000000;0,000000;500,000000;500,000000
34;-0,048395;0,010043;-0,065805;-0,034769;0,054081;0,006884;0,045790;0,065470;0,098060;0,010008;0,083744;0,112006;4,330000;0,000000;4,330000;4,330000;7976,223611;58,679579;7886,117792;8094,583665;-2369859154,213019;14219169,600246;-2400984505,318012;-2348465032,723590;0,019432;0,002518;0,016319;0,024019;0,025040;0,000000;0,025040;0,025040;0,957639;0,009767;0,943143;0,977403;0,042901;0,008611;0,031065;0,057462;0,055160;0,003493;0,047954;0,059972;0,286273;0,025333;0,237288;0,323232;0,206240;0,016942;0,183777;0,233249;0,123514;0,016089;0,099308;0,149127;0,021492;0,009903;0,006678;0,038462;0,000076;0,000169;0,000000;0,000455;0,000000;0,000000;0,000000;0,000000;500,000000;0,000000;500,000000;500,000000
35;-0,058503;0,011077;-0,077630;-0,045658;0,062043;0,007727;0,051120;0,073880;0,110925;0,010842;0,094300;0,127340;4,330000;0,000000;4,330000;4,330000;7923,442906;63,356701;7827,833072;8044,092890;-2397380518,388116;15723304,878509;-2431007528,653201;-2373732981,908301;0,018916;0,002095;0,015359;0,022434;0,025034;0,000000;0,025034;0,025034;0,951097;0,010577;0,935300;0,971373;0,047541;0,009399;0,033678;0,063419;0,063384;0,003901;0,055338;0,068573;0,322330;0,027177;0,265306;0,363636;0,236691;0,019468;0,211697;0,265694;0,138902;0,017025;0,111805;0,168869;0,023171;0,010472;0,006689;0,040201;0,000076;0,000169;0,000000;0,000455;0,000000;0,000000;0,000000;0,000000;500,000000;0,000000;500,000000;500,000000
36;-0,069357;0,012132;-0,090633;-0,053628;0,069677;0,008363;0,056400;0,082650;0,123726;0,011550;0,105380;0,143188;4,330000;0,000000;4,330000;4,330000;7864,342747;68,067784;7762,613110;7984,901237;-2423357406,127973;17272731,002273;-2459259004,130653;-2397522342,029152;0,018466;0,001884;0,015360;0,021947;0,025029;0,000000;0,025029;0,025029;0,943602;0,011410;0,925871;0,964165;0,052217;0,010155;0,039399;0,070939;0,071509;0,003703;0,064740;0,076512;0,355776;0,027404;0,302721;0,398649;0,267118;0,022087;0,232824;0,300891;0,154250;0,017440;0,124330;0,186996;0,025624;0,011301;0,006723;0,048658;0,000106;0,000225;0,000000;0,000455;0,000042;0,000224;0,000000;0,000000;500,000000;0,000000;500,000000;500,000000
37;-0,080739;0,013190;-0,104387;-0,062596;0,077286;0,008942;0,062700;0,092840;0,136706;0,012185;0,117552;0,157167;4,330000;0,000000;4,330000;4,330000;7799,219986;72,879803;7685,111181;7918,412562;-2447719143,004274;18869760,360861;-2485744733,507643;-2419595989,547885;0,018203;0,001761;0,015291;0,020896;0,025024;0,000000;0,025024;0,025024;0,935176;0,012268;0,915341;0,955788;0,056589;0,010927;0,042572;0,076465;0,080116;0,003789;0,072910;0,085124;0,389351;0,028179;0,336735;0,430508;0,296880;0,025641;0,256198;0,337803;0,170341;0,017655;0,139826;0,203188;0,027688;0,011805;0,010033;0,048658;0,000136;0,000239;0,000000;0,000455;0,000042;0,000224;0,000000;0,000000;500,000000;0,000000;500,000000;500,000000
38;-0,092428;0,014155;-0,118067;-0,072238;0,084915;0,009555;0,070260;0,101590;0,149301;0,012279;0,128714;0,169579;4,330000;0,000000;4,330000;4,330000;7728,362244;77,847964;7601,494097;7844,742818;-2470366970,964646;20557738,681089;-2510595719,179690;-2439902962,871925;0,017707;0,001530;0,015140;0,019888;0,025021;0,000000;0,025021;0,025021;0,925860;0,013131;0,903900;0,946179;0,060446;0,011263;0,045422;0,080497;0,088855;0,003661;0,082754;0,093463;0,419432;0,029278;0,368601;0,458333;0,325637;0,025554;0,290096;0,365963;0,186087;0,017951;0,156068;0,219150;0,030092;0,011583;0,011706;0,052013;0,000197;0,000280;0,000000;0,000909;0,000042;0,000224;0,000000;0,000000;500,000000;0,000000;500,000000;500,000000
39;-0,104220;0,014946;-0,131148;-0,082249;0,092048;0,009807;0,078240;0,109220;0,161802;0,012443;0,143836;0,182167;4,330000;0,000000;4,330000;4,330000;7652,572366;82,652578;7513,268116;7762,551879;-2491310578,688405;22314612,233231;-2533343041,690243;-2457963297,955716;0,017160;0,001251;0,015661;0,019189;0,025018;0,000000;0,025018;0,025018;0,915710;0,013980;0,891722;0,935302;0,064135;0,011433;0,048992;0,084823;0,097667;0,003569;0,091431;0,102383;0,449877;0,028030;0,406040;0,494881;0,354540;0,026497;0,320102;0,395229;0,201684;0,018010;0,176115;0,232239;0,031991;0,012105;0,013445;0,055092;0,000212;0,000281;0,000000;0,000909;0,000042;0,000224;0,000000;0,000000;500,000000;0,000000;500,000000;500,000000
40;-0,116016;0,015455;-0,143546;-0,092588;0,099060;0,009932;0,086020;0,115740;0,174037;0,012069;0,157762;0,193310;4,330000;0,000000;4,330000;4,330000;7572,322050;87,152769;7422,558927;7677,182147;-2510518744,242575;24101534,800632;-2553860537,840610;-2473394763,940073;0,016732;0,001272;0,014755;0,019064;0,025015;0,000000;0,025015;0,025015;0,904771;0,014779;0,878906;0,923274;0,067739;0,011474;0,051707;0,088420;0,106298;0,003716;0,100444;0,111212;0,479933;0,027830;0,434028;0,517606;0,380601;0,025603;0,339550;0,417901;0,217661;0,017773;0,193903;0,245784;0,034284;0,012368;0,013445;0,058431;0,000258;0,000280;0,000000;0,000909;0,000042;0,000224;0,000000;0,000000;500,000000;0,000000;500,000000;500,000000
41;-0,127614;0,015577;-0,154762;-0,103218;0,105909;0,009749;0,093320;0,122210;0,186064;0,012242;0,169747;0,204651;4,330000;0,000000;4,330000;4,330000;7488,152404;91,121010;7329,417689;7604,826241;-2527959873,330412;25891491,156428;-2572142153,090264;-2487009725,772348;0,016125;0,001353;0,014457;0,018659;0,025013;0,000000;0,025013;0,025013;0,893123;0,015486;0,865654;0,911643;0,070947;0,011667;0,054343;0,091911;0,115117;0,003879;0,109530;0,119842;0,505832;0,027756;0,454861;0,536585;0,405843;0,027243;0,356959;0,442655;0,233712;0,017590;0,210857;0,258943;0,036746;0,012975;0,015050;0,060606;0,000258;0,000280;0,000000;0,000909;0,000083;0,000312;0,000000;0,001250;500,000000;0,000000;500,000000;500,000000
42;-0,138823;0,015215;-0,163644;-0,115653;0,112423;0,009858;0,098620;0,128610;0,198644;0,012420;0,181010;0,216881;4,330000;0,000000;4,330000;4,330000;7400,796926;94,820249;7234,780248;7527,795435;-2543646023,926282;27732397,053517;-2588453086,228659;-2498872156,234478;0,015601;0,001092;0,014125;0,017770;0,025011;0,000000;0,025011;0,025011;0,880858;0,016072;0,852354;0,901061;0,074185;0,011743;0,057801;0,094525;0,124458;0,004052;0,118248;0,129951;0,532669;0,027985;0,476351;0,568905;0,432644;0,027339;0,381689;0,468810;0,250470;0,017916;0,228039;0,277390;0,038874;0,013471;0,016694;0,063439;0,000288;0,000299;0,000000;0,000909;0,000083;0,000312;0,000000;0,001250;500,000000;0,000000;500,000000;500,000000
43;-0,149146;0,014126;-0,170900;-0,127628;0,119196;0,010009;0,104480;0,135320;0,210504;0,012186;0,194057;0,227825;4,330000;0,000000;4,330000;4,330000;7310,478252;98,279980;7137,379848;7447,633447;-2557496657,251586;29610994,446779;-2602466187,170001;-2508749335,062224;0,015160;0,001061;0,013419;0,017071;0,025009;0,000000;0,025009;0,025009;0,868153;0,016484;0,839012;0,889872;0,076947;0,011631;0,059988;0,097712;0,133557;0,004096;0,126944;0,139238;0,557913;0,026990;0,501695;0,589655;0,457145;0,027181;0,408269;0,494201;0,266457;0,017687;0,244325;0,292360;0,041405;0,013454;0,016807;0,065657;0,000364;0,000396;0,000000;0,001364;0,000083;0,000312;0,000000;0,001250;500,000000;0,000000;500,000000;500,000000
44;-0,158344;0,012376;-0,176840;-0,138548;0,125492;0,009826;0,111570;0,141170;0,221631;0,012040;0,205299;0,237888;4,330000;0,000000;4,330000;4,330000;7218,120009;101,086224;7039,286554;7365,429448;-2569538299,331422;31487877,586810;-2614536198,338101;-2516828083,406738;0,014710;0,000964;0,012640;0,016162;0,025008;0,000000;0,025008;0,025008;0,855153;0,016690;0,825679;0,878133;0,079497;0,011495;0,063006;0,099483;0,142134;0,004371;0,134876;0,148021;0,584535;0,028835;0,522034;0,622837;0,479138;0,027238;0,433376;0,515878;0,281690;0,017595;0,258752;0,311306;0,043535;0,013651;0,018487;0,068677;0,000394;0,000385;0,000000;0,001364;0,000083;0,000312;0,000000;0,001250;500,000000;0,000000;500,000000;500,000000
45;-0,166325;0,010385;-0,181830;-0,149588;0,131364;0,009689;0,118360;0,146440;0,232979;0,011749;0,216815;0,248734;4,330000;0,000000;4,330000;4,330000;7124,615744;103,244428;6941,451734;7281,419359;-2579825730,899083;33375122,150556;-2624664174,163063;-2523058346,482669;0,014211;0,000900;0,012884;0,015558;0,025007;0,000000;0,025007;0,025007;0,841980;0,016741;0,812367;0,865807;0,081999;0,011486;0,065675;0,102057;0,150980;0,004459;0,143290;0,157479;0,605122;0,026618;0,551724;0,647059;0,500743;0,026940;0,455959;0,534371;0,297996;0,017757;0,272707;0,330036;0,045168;0,013348;0,021849;0,068677;0,000439;0,000415;0,000000;0,001364;0,000083;0,000312;0,000000;0,001250;500,000000;0,000000;500,000000;500,000000
46;-0,172904;0,008729;-0,186085;-0,159272;0,137296;0,009565;0,125190;0,152010;0,243863;0,011652;0,227981;0,262672;4,330000;0,000000;4,330000;4,330000;7030,447440;104,702306;6844,576834;7195,300556;-2588341361,567952;35249570,934157;-2632923463,799189;-2527625115,389594;0,013630;0,000794;0,012503;0,014891;0,025006;0,000000;0,025006;0,025006;0,828776;0,016732;0,799097;0,852919;0,084181;0,011532;0,067846;0,103480;0,159681;0,004602;0,151831;0,166633;0,626730;0,024480;0,578231;0,660900;0,519990;0,027400;0,473411;0,555484;0,314069;0,017688;0,288483;0,351260;0,046569;0,013258;0,023529;0,068677;0,000439;0,000415;0,000000;0,001364;0,000083;0,000312;0,000000;0,001250;500,000000;0,000000;500,000000;500,000000
47;-0,178319;0,007514;-0,189711;-0,167029;0,142831;0,009552;0,130560;0,157220;0,254603;0,011300;0,239619;0,273502;4,330000;0,000000;4,330000;4,330000;6936,519233;105,431194;6749,571369;7107,489108;-2595164096,705442;37100389,366054;-2642026974,407543;-2530536107,800860;0,013144;0,000743;0,012091;0,014411;0,025005;0,000000;0,025005;0,025005;0,815592;0,016698;0,785901;0,839955;0,086220;0,011457;0,069586;0,105487;0,168383;0,004449;0,161020;0,174270;0,645091;0,023047;0,597270;0,680556;0,539915;0,026549;0,492518;0,573728;0,329826;0,017317;0,303201;0,367544;0,047910;0,013338;0,023529;0,070352;0,000470;0,000431;0,000000;0,001364;0,000083;0,000312;0,000000;0,001250;500,000000;0,000000;500,000000;500,000000
48;-0,182857;0,006599;-0,192842;-0,173373;0,148287;0,009364;0,136380;0,162120;0,264736;0,010649;0,250862;0,282049;4,330000;0,000000;4,330000;4,330000;6843,460113;105,250228;6657,666506;7019,640543;-2600314402,223946;38891532,083540;-2651077178,414008;-2531904812,167986;0,012673;0,000800;0,011316;0,014057;0,025004;0,000000;0,025004;0,025004;0,802449;0,016638;0,772792;0,827000;0,088088;0,011167;0,072602;0,106534;0,176648;0,004410;0,167918;0,182980;0,665259;0,022871;0,614334;0,695804;0,557097;0,025720;0,507813;0,592088;0,345055;0,016353;0,318592;0,380824;0,049037;0,013328;0,028523;0,072027;0,000545;0,000475;0,000000;0,001364;0,000083;0,000312;0,000000;0,001250;500,000000;0,000000;500,000000;500,000000
49;-0,186703;0,005891;-0,195546;-0,178578;0,153356;0,008959;0,141850;0,166970;0,274226;0,010263;0,260543;0,290355;4,330000;0,000000;4,330000;4,330000;6752,153338;104,062491;6569,098237;6931,749028;-2603880307,016495;40598428,108971;-2658488872,025392;-2531786722,814108;0,012167;0,000662;0,010899;0,013180;0,025003;0,000000;0,025003;0,025003;0,789368;0,016557;0,759793;0,814060;0,089689;0,011027;0,074145;0,107817;0,184537;0,004973;0,175778;0,193041;0,680756;0,023111;0,633562;0,714286;0,572893;0,024167;0,525733;0,603871;0,359578;0,015875;0,334463;0,393543;0,050390;0,013022;0,033557;0,072148;0,000621;0,000491;0,000000;0,001364;0,000083;0,000312;0,000000;0,001250;500,000000;0,000000;500,000000;500,000000
50;-0,190004;0,005325;-0,197841;-0,182973;0,158056;0,008680;0,146710;0,171160;0,283564;0,009446;0,270229;0,297116;4,330000;0,000000;4,330000;4,330000;6663,432614;102,087533;6485,294937;6844,201037;-2605934536,557539;42263996,355893;-2664287997,789885;-2530364054,293125;0,011672;0,000648;0,010641;0,012563;0,025003;0,000000;0,025003;0,025003;0,776366;0,016455;0,746928;0,801141;0,091270;0,010895;0,075987;0,109080;0,192294;0,005353;0,182390;0,199614;0,696166;0,022458;0,654110;0,733333;0,588579;0,023661;0,540117;0,620890;0,373912;0,014630;0,349005;0,404111;0,051283;0,013538;0,033557;0,075377;0,000621;0,000491;0,000000;0,001364;0,000167;0,000425;0,000000;0,001250;500,000000;0,000000;500,000000;500,000000
51;-0,192859;0,004851;-0,199823;-0,186579;0,162675;0,008234;0,151850;0,175690;0,292332;0,008731;0,279424;0,305482;4,330000;0,000000;4,330000;4,330000;6577,836849;99,172409;6406,669815;6757,307061;-2606527635,273856;43849341,878814;-2668420287,691289;-2527726380,074287;0,011309;0,000647;0,010302;0,012347;0,025003;0,000000;0,025003;0,025003;0,763461;0,016332;0,734202;0,788271;0,092566;0,010882;0,077353;0,110129;0,199765;0,005900;0,188390;0,207695;0,710203;0,022584;0,667845;0,745520;0,603205;0,022906;0,558459;0,636540;0,387467;0,013528;0,363780;0,415273;0,052013;0,013391;0,033613;0,075377;0,000682;0,000560;0,000000;0,001818;0,000167;0,000425;0,000000;0,001250;500,000000;0,000000;500,000000;500,000000
52;-0,195328;0,004444;-0,201930;-0,189557;0,166970;0,007867;0,156530;0,179010;0,300380;0,008348;0,287962;0,313478;4,330000;0,000000;4,330000;4,330000;6496,042247;95,422827;6333,072555;6662,675181;-2605717662,721387;45348617,462207;-2671019872,065943;-2523821896,743665;0,010943;0,000757;0,009921;0,012367;0,025002;0,000000;0,025002;0,025002;0,750670;0,016189;0,721639;0,775481;0,093754;0,010709;0,079001;0,110671;0,206626;0,006460;0,192886;0,214684;0,722552;0,022040;0,690391;0,754386;0,616824;0,021868;0,581426;0,647933;0,399928;0,013078;0,376894;0,426537;0,052239;0,013360;0,033613;0,075377;0,000697;0,000560;0,000000;0,001818;0,000125;0,000375;0,000000;0,001250;500,000000;0,000000;500,000000;500,000000
53;-0,197473;0,004096;-0,203909;-0,192077;0,170866;0,007553;0,160670;0,182230;0,308689;0,007936;0,296304;0,321011;4,330000;0,000000;4,330000;4,330000;6418,693589;91,059382;6265,663331;6567,947930;-2603604782,859941;46753277,108546;-2672201008,567286;-2518805226,305446;0,010517;0,000732;0,009337;0,011683;0,025002;0,000000;0,025002;0,025002;0,738006;0,016033;0,709253;0,762775;0,094918;0,010680;0,079728;0,112207;0,213771;0,007109;0,198089;0,223146;0,735702;0,021524;0,696429;0,768421;0,630105;0,021427;0,593586;0,661708;0,412904;0,012759;0,391678;0,437669;0,053134;0,013243;0,035294;0,075377;0,000773;0,000577;0,000000;0,001818;0,000125;0,000375;0,000000;0,001250;500,000000;0,000000;500,000000;500,000000
54;-0,199369;0,003838;-0,205525;-0,194264;0,175090;0,007809;0,164770;0,186090;0,316729;0,008621;0,303809;0,331841;4,330000;0,000000;4,330000;4,330000;6345,758453;86,730424;6204,219730;6478,799859;-2600224595,279684;48134297,388788;-2671908291,071025;-2513125704,854567;0,010190;0,000752;0,009161;0,012045;0,025002;0,000000;0,025002;0,025002;0,725476;0,015881;0,697017;0,750160;0,095978;0,010709;0,080581;0,113800;0,220751;0,007626;0,206486;0,230418;0,748962;0,019155;0,714286;0,782143;0,643327;0,021610;0,608382;0,675427;0,425361;0,014441;0,402565;0,457853;0,053749;0,013424;0,036975;0,077052;0,000879;0,000550;0,000000;0,001364;0,000125;0,000375;0,000000;0,001250;500,000000;0,000000;500,000000;500,000000
55;-0,201098;0,003699;-0,206825;-0,196040;0,179868;0,009515;0,168280;0,195200;0,325202;0,009102;0,310009;0,342898;4,330000;0,000000;4,330000;4,330000;6276,991869;83,362807;6140,385754;6395,293312;-2595589882,133853;49590826,620090;-2670319299,094360;-2505601937,456959;0,009858;0,000823;0,008589;0,011616;0,025001;0,000000;0,025001;0,025001;0,713077;0,015748;0,684823;0,737655;0,096975;0,010639;0,081546;0,115146;0,228227;0,008075;0,210805;0,239757;0,758086;0,018326;0,727273;0,789286;0,657905;0,021583;0,622047;0,688759;0,438616;0,015198;0,416292;0,472649;0,054257;0,013504;0,036975;0,077181;0,000909;0,000538;0,000000;0,001364;0,000125;0,000375;0,000000;0,001250;500,000000;0,000000;500,000000;500,000000
56;-0,202802;0,003678;-0,207784;-0,197803;0,186185;0,012044;0,171270;0,206870;0,334774;0,009732;0,319199;0,351535;4,330000;0,000000;4,330000;4,330000;6211,379329;81,656492;6076,375916;6317,874449;-2589665089,135366;51229310,540564;-2667453647,052747;-2496392033,188589;0,009592;0,000807;0,008290;0,010936;0,025001;0,000000;0,025001;0,025001;0,700794;0,015647;0,672708;0,725278;0,098119;0,010513;0,084147;0,115678;0,236655;0,009059;0,219599;0,247102;0,767186;0,019805;0,732143;0,800000;0,675335;0,022070;0,642345;0,705921;0,453389;0,016404;0,427633;0,484848;0,054760;0,013544;0,036975;0,078859;0,000940;0,000537;0,000000;0,001819;0,000125;0,000375;0,000000;0,001250;500,000000;0,000000;500,000000;500,000000
57;-0,204625;0,003677;-0,209709;-0,199537;0,195181;0,014040;0,176670;0,218030;0,344815;0,009390;0,331638;0,362018;4,330000;0,000000;4,330000;4,330000;6147,142571;81,048191;6013,237510;6247,116783;-2582267294,399247;53071833,559819;-2663347962,290179;-2485622040,475141;0,009324;0,000755;0,008185;0,010821;0,025001;0,000000;0,025001;0,025001;0,688599;0,015562;0,660699;0,713048;0,099211;0,010278;0,085080;0,116845;0,245603;0,010586;0,226542;0,259541;0,776991;0,021575;0,747331;0,817204;0,693616;0,019901;0,658824;0,722005;0,468873;0,016579;0,440117;0,498980;0,055211;0,013454;0,036975;0,078859;0,001000;0,000568;0,000000;0,001819;0,000083;0,000312;0,000000;0,001250;500,000000;0,000000;500,000000;500,000000
58;-0,206548;0,003576;-0,211522;-0,201572;0,205554;0,013993;0,185760;0,227140;0,353526;0,008746;0,340051;0,369375;4,330000;0,000000;4,330000;4,330000;6083,686272;79,725869;5952,970438;6183,051351;-2573312684,297609;54957981,433996;-2658396965,648843;-2473483824,432134;0,008997;0,000760;0,007995;0,010712;0,025001;0,000000;0,025001;0,025001;0,676494;0,015466;0,648820;0,700927;0,100165;0,010154;0,086337;0,117911;0,253361;0,011511;0,233323;0,267928;0,785387;0,022310;0,750890;0,820789;0,709587;0,017430;0,683627;0,735837;0,482220;0,016466;0,459154;0,506343;0,055944;0,013318;0,038655;0,080537;0,001015;0,000583;0,000000;0,001819;0,000083;0,000312;0,000000;0,001250;500,000000;0,000000;500,000000;500,000000
59;-0,208455;0,003389;-0,213111;-0,203719;0,215771;0,013124;0,191830;0,235370;0,360616;0,008781;0,345382;0,374440;4,330000;0,000000;4,330000;4,330000;6021,627768;77,252494;5896,350546;6125,600911;-2562843030,549041;56759759,629646;-2651477160,719338;-2460102410,539350;0,008625;0,000745;0,007554;0,010140;0,025001;0,000000;0,025001;0,025001;0,664495;0,015347;0,637097;0,688803;0,100792;0,010028;0,086660;0,118126;0,259825;0,012684;0,236301;0,274041;0,795528;0,019981;0,770609;0,822917;0,722159;0,015794;0,694172;0,748375;0,493053;0,017283;0,464148;0,517366;0,056115;0,013390;0,038655;0,080537;0,001061;0,000602;0,000000;0,001819;0,000083;0,000312;0,000000;0,001250;500,000000;0,000000;500,000000;500,000000
60;-0,210234;0,003167;-0,214431;-0,205914;0,224905;0,012863;0,204010;0,242330;0,366654;0,008857;0,350916;0,380662;4,330000;0,000000;4,330000;4,330000;5962,152195;74,099067;5844,210297;6074,792727;-2551007153,663387;58490870,644158;-2642825654,839550;-2445769115,104279;0,008292;0,000750;0,007288;0,009944;0,025001;0,000000;0,025001;0,025001;0,652626;0,015209;0,625549;0,676726;0,101347;0,009858;0,086974;0,118138;0,265306;0,013638;0,240297;0,281876;0,803118;0,019122;0,775000;0,836806;0,733088;0,013796;0,710079;0,754226;0,502278;0,018375;0,471548;0,531617;0,056453;0,013181;0,040336;0,080537;0,001106;0,000629;0,000000;0,002273;0,000083;0,000312;0,000000;0,001250;500,000000;0,000000;500,000000;500,000000
61;-0,211848;0,002949;-0,215745;-0,207909;0,233387;0,012325;0,215600;0,252630;0,371964;0,008967;0,357913;0,385586;4,330000;0,000000;4,330000;4,330000;5905,891101;70,404714;5793,884633;6023,035493;-2537925847,138201;60046272,134636;-2632538589,530047;-2430432854,378342;0,007917;0,000713;0,006921;0,009326;0,025000;0,000000;0,025000;0,025000;0,640903;0,015053;0,614142;0,664721;0,101847;0,009764;0,087417;0,118660;0,270117;0,014146;0,243455;0,289597;0,813990;0,019444;0,785467;0,843750;0,743305;0,012835;0,719868;0,762376;0,509829;0,018793;0,476255;0,537832;0,057018;0,013531;0,040336;0,080537;0,001182;0,000670;0,000000;0,002273;0,000083;0,000312;0,000000;0,001250;499,969824;0,162504;500,000000;500,000000
62;-0,213333;0,002826;-0,217217;-0,209390;0,242119;0,013244;0,225990;0,266110;0,376533;0,009124;0,361654;0,390117;4,330000;0,000000;4,330000;4,330000;5852,627797;67,539273;5743,276210;5972,550409;-2523726505,994324;61440726,465682;-2620746313,509818;-2413819363,730881;0,007579;0,000643;0,006727;0,008849;0,025000;0,000000;0,025000;0,025000;0,629327;0,014899;0,602850;0,652830;0,102332;0,009695;0,088130;0,118761;0,274200;0,014588;0,246204;0,294585;0,826733;0,020235;0,795848;0,859206;0,752201;0,012763;0,728880;0,773585;0,516073;0,019592;0,481523;0,543884;0,057526;0,013601;0,040336;0,080537;0,001243;0,000713;0,000000;0,002274;0,000083;0,000312;0,000000;0,001250;499,508818;2,645098;500,000000;500,000000
63;-0,214761;0,002803;-0,218709;-0,210804;0,251976;0,014692;0,234790;0,277370;0,380343;0,009368;0,365128;0,394359;4,330000;0,000000;4,330000;4,330000;5801,500890;65,909247;5693,509573;5916,416526;-2508481705,177544;62679804,469834;-2607530052,239789;-2396823819,206973;0,007263;0,000639;0,006355;0,008585;0,025000;0,000000;0,025000;0,025000;0,617892;0,014755;0,591687;0,641077;0,102709;0,009683;0,088640;0,119079;0,277634;0,015120;0,248242;0,298951;0,835035;0,019606;0,806338;0,870036;0,759537;0,012367;0,737877;0,781901;0,521472;0,020309;0,486278;0,548431;0,058029;0,013613;0,040336;0,080537;0,001318;0,000727;0,000000;0,002727;0,000083;0,000312;0,000000;0,001250;498,621822;5,662639;491,450779;500,000000
64;-0,216218;0,002842;-0,220299;-0,212182;0,263126;0,015555;0,241660;0,289080;0,383850;0,009525;0,368019;0,398251;4,330000;0,000000;4,330000;4,330000;5751,416352;65,186673;5643,880389;5861,358354;-2492368008,928307;63577955,302591;-2593260738,711921;-2379843105,237857;0,006972;0,000655;0,006041;0,008279;0,025000;0,000000;0,025000;0,025000;0,606587;0,014620;0,580642;0,629500;0,102988;0,009704;0,088955;0,119283;0,280862;0,015342;0,251478;0,302719;0,841057;0,017889;0,813380;0,870036;0,767751;0,013021;0,747051;0,791016;0,526050;0,020836;0,490695;0,553433;0,058312;0,013669;0,040336;0,080537;0,001364;0,000704;0,000000;0,002727;0,000083;0,000312;0,000000;0,001250;495,291647;9,496948;477,472986;500,000000
65;-0,217738;0,002880;-0,221920;-0,213619;0,274875;0,015555;0,251980;0,300970;0,386956;0,009647;0,370299;0,400998;4,330000;0,000000;4,330000;4,330000;5701,764011;64,765796;5594,399360;5808,458422;-2475672131,066222;63984756,621682;-2577819571,213413;-2362918372,303478;0,006691;0,000591;0,005874;0,007825;0,025000;0,000000;0,025000;0,025000;0,595405;0,014487;0,569721;0,618060;0,103256;0,009695;0,089380;0,119307;0,283701;0,015528;0,253237;0,304959;0,848391;0,017302;0,822917;0,880282;0,775595;0,012243;0,757536;0,798697;0,529762;0,021153;0,494438;0,558491;0,058931;0,013509;0,040336;0,082215;0,001394;0,000694;0,000000;0,002727;0,000083;0,000312;0,000000;0,001250;488,120177;14,520924;461,934969;500,000000
66;-0,219276;0,002887;-0,223402;-0,215121;0,286032;0,015333;0,264760;0,310320;0,389463;0,009791;0,372859;0,403323;4,330000;0,000000;4,330000;4,330000;5652,758813;64,248061;5546,909623;5756,105625;-2458844791,223727;64011088,728455;-2561068335,250718;-2346469844,402817;0,006519;0,000745;0,005672;0,008260;0,025000;0,000000;0,025000;0,025000;0,584350;0,014349;0,558951;0,606740;0,103477;0,009686;0,089399;0,119331;0,285986;0,015749;0,255042;0,307403;0,854421;0,016627;0,829861;0,890845;0,782197;0,011165;0,765789;0,807166;0,532640;0,021638;0,497389;0,562458;0,059104;0,013463;0,040336;0,082215;0,001455;0,000764;0,000000;0,002727;0,000083;0,000312;0,000000;0,001250;476,424672;18,007410;445,229332;500,000000
67;-0,220801;0,002859;-0,224866;-0,216645;0,296688;0,015070;0,276880;0,321640;0,391722;0,009879;0,375344;0,405157;4,330000;0,000000;4,330000;4,330000;5604,680522;63,428820;5500,335551;5704,086547;-2442155761,986424;63868866,878663;-2543912279,913100;-2330201758,790084;0,006217;0,000702;0,005366;0,007850;0,025000;0,000000;0,025000;0,025000;0,573428;0,014204;0,548317;0,595535;0,103712;0,009625;0,089704;0,119519;0,288010;0,015949;0,257181;0,310050;0,858895;0,017982;0,833333;0,897887;0,788674;0,010435;0,774130;0,812378;0,535067;0,021951;0,499773;0,567458;0,059615;0,013434;0,042017;0,082215;0,001531;0,000747;0,000455;0,002727;0,000083;0,000312;0,000000;0,001250;462,295961;18,969190;431,784652;490,138895
68;-0,222267;0,002813;-0,226312;-0,218063;0,306864;0,014944;0,287700;0,333040;0,393752;0,010152;0,377218;0,408392;4,330000;0,000000;4,330000;4,330000;5557,978652;62,408514;5454,720168;5652,996185;-2425695176,035268;63602856,705938;-2526947674,130899;-2314116979,968013;0,006098;0,000887;0,005125;0,008064;0,025000;0,000000;0,025000;0,025000;0,562646;0,014053;0,537822;0,584457;0,103888;0,009615;0,089714;0,119633;0,289864;0,016218;0,259780;0,312965;0,863339;0,017492;0,839286;0,901060;0,794099;0,009811;0,778726;0,814332;0,537421;0,022322;0,501135;0,569266;0,059962;0,013295;0,042017;0,082215;0,001546;0,000748;0,000455;0,002727;0,000042;0,000224;0,000000;0,000000;448,309420;19,476810;418,553804;474,501807
69;-0,223669;0,002774;-0,227737;-0,219371;0,317029;0,015117;0,297320;0,344730;0,395367;0,010376;0,378340;0,410716;4,330000;0,000000;4,330000;4,330000;5512,738512;61,323930;5409,947825;5603,821902;-2409444941,883014;63310087,701762;-2510325176,165745;-2298198352,956948;0,005915;0,000866;0,004897;0,007691;0,025000;0,000000;0,025000;0,025000;0,552008;0,013898;0,527467;0,573527;0,104061;0,009638;0,089825;0,120053;0,291306;0,016476;0,261308;0,314964;0,867840;0,016983;0,846154;0,901060;0,798522;0,009153;0,784404;0,817590;0,539147;0,022825;0,503066;0,570524;0,060194;0,013496;0,042017;0,083893;0,001607;0,000740;0,000455;0,003182;0,000083;0,000312;0,000000;0,001250;435,082951;18,884654;405,587046;459,718710
70;-0,225028;0,002750;-0,229117;-0,220684;0,327518;0,015644;0,306570;0,355980;0,396838;0,010461;0,380073;0,412346;4,330000;0,000000;4,330000;4,330000;5468,762308;60,408920;5366,373941;5556,938086;-2393406237,374721;63079566,542372;-2493942099,862120;-2282493562,948124;0,005640;0,000815;0,004821;0,007331;0,025000;0,000000;0,025000;0,025000;0,541514;0,013743;0,517254;0,562748;0,104233;0,009615;0,090140;0,120167;0,292605;0,016600;0,262632;0,316492;0,871732;0,016079;0,846429;0,908127;0,802849;0,008777;0,790957;0,822034;0,540625;0,023077;0,503747;0,574141;0,060534;0,013671;0,042017;0,084034;0,001667;0,000808;0,000455;0,003183;0,000083;0,000312;0,000000;0,001250;422,476339;17,989653;392,718053;445,590075
71;-0,226364;0,002736;-0,230438;-0,221992;0,338436;0,016066;0,315560;0,367320;0,398108;0,010697;0,381297;0,413976;4,330000;0,000000;4,330000;4,330000;5425,804228;59,641328;5323,962415;5512,420344;-2377539854,744366;62877678,666765;-2477862366,772238;-2266944947,595415;0,005483;0,000863;0,004612;0,007388;0,025000;0,000000;0,025000;0,025000;0,531161;0,013588;0,507188;0,552122;0,104374;0,009593;0,090149;0,120282;0,293735;0,016870;0,263882;0,318122;0,875853;0,015685;0,850000;0,911661;0,806919;0,008950;0,795141;0,823338;0,541740;0,023342;0,504771;0,575723;0,060758;0,013775;0,042017;0,085714;0,001713;0,000819;0,000455;0,003183;0,000125;0,000375;0,000000;0,001250;410,510714;17,712691;380,486704;433,026000
72;-0,227673;0,002699;-0,231689;-0,223334;0,349395;0,015955;0,325920;0,378080;0,399217;0,010835;0,382827;0,415911;4,330000;0,000000;4,330000;4,330000;5383,863731;58,690157;5283,029662;5469,297782;-2361831833,732465;62656356,388892;-2461937281,052900;-2251601594,652925;0,005419;0,001022;0,004453;0,007232;0,025000;0,000000;0,025000;0,025000;0,520951;0,013429;0,497272;0,541643;0,104515;0,009548;0,090353;0,120282;0,294702;0,017044;0,264391;0,319751;0,877870;0,015401;0,853571;0,911661;0,810615;0,008747;0,797342;0,824641;0,542782;0,023339;0,505452;0,576644;0,061096;0,013685;0,042017;0,085714;0,001713;0,000836;0,000455;0,003183;0,000125;0,000375;0,000000;0,001250;398,792582;17,762956;368,344042;422,123685
73;-0,228946;0,002645;-0,232855;-0,224626;0,360186;0,015666;0,337320;0,388340;0,400304;0,010981;0,383478;0,417991;4,330000;0,000000;4,330000;4,330000;5343,041619;57,473820;5243,793658;5426,834154;-2346291633,188265;62408210,021204;-2446091477,826745;-2236429924,019680;0,005391;0,001167;0,004330;0,008410;0,025000;0,000000;0,025000;0,025000;0,510885;0,013266;0,487510;0,531300;0,104653;0,009532;0,090362;0,120498;0,295651;0,017235;0,265131;0,321618;0,880832;0,016247;0,855072;0,911661;0,814084;0,008755;0,801051;0,828289;0,543751;0,023463;0,506134;0,579496;0,061599;0,013748;0,042017;0,085714;0,001698;0,000862;0,000455;0,003183;0,000125;0,000375;0,000000;0,001250;387,205617;17,509880;356,854367;411,337568
74;-0,230174;0,002585;-0,233929;-0,225996;0,370808;0,015413;0,347850;0,397610;0,401128;0,011028;0,384294;0,419253;4,330000;0,000000;4,330000;4,330000;5303,409348;56,067328;5206,680184;5385,592385;-2330920264,601216;62175121,270609;-2430468402,645187;-2221602309,814998;0,005367;0,001241;0,004119;0,008019;0,025000;0,000000;0,025000;0,025000;0,500966;0,013099;0,477905;0,521103;0,104780;0,009580;0,090362;0,120702;0,296348;0,017345;0,265335;0,322873;0,882609;0,015775;0,858696;0,915194;0,816847;0,008913;0,802752;0,830263;0,544516;0,023501;0,506588;0,581443;0,061712;0,013865;0,042017;0,085714;0,001683;0,000848;0,000455;0,003183;0,000125;0,000375;0,000000;0,001250;375,883515;17,011275;345,758730;399,850312
75;-0,231345;0,002535;-0,235038;-0,227370;0,381119;0,015455;0,358720;0,409190;0,401845;0,011150;0,385008;0,419805;4,330000;0,000000;4,330000;4,330000;5265,097770;54,728295;5170,135537;5345,374935;-2315740816,046187;61958079,077907;-2414949682,166915;-2206743591,359865;0,005160;0,001194;0,003911;0,007708;0,025000;0,000000;0,025000;0,025000;0,491196;0,012931;0,468444;0,511052;0,104889;0,009597;0,090362;0,120816;0,296956;0,017437;0,265872;0,323688;0,884624;0,015542;0,860714;0,915194;0,819090;0,009189;0,805774;0,834868;0,545174;0,023638;0,506703;0,582123;0,061993;0,013893;0,042088;0,085714;0,001743;0,000856;0,000909;0,003638;0,000125;0,000375;0,000000;0,001250;364,877518;16,575605;336,893288;389,182090
76;-0,232451;0,002503;-0,236159;-0,228687;0,391116;0,015591;0,369230;0,420080;0,402480;0,011243;0,385416;0,420662;4,330000;0,000000;4,330000;4,330000;5228,220975;53,534723;5134,374743;5306,317350;-2300773087,788754;61735914,475070;-2399610337,982333;-2192072618,702914;0,005134;0,001162;0,003720;0,007316;0,025000;0,000000;0,025000;0,025000;0,481578;0,012763;0,459129;0,501145;0,104987;0,009607;0,090464;0,120943;0,297493;0,017498;0,266585;0,324333;0,886983;0,015820;0,864286;0,916968;0,821176;0,009401;0,806345;0,838051;0,545660;0,023733;0,507273;0,583258;0,062496;0,014165;0,042088;0,087395;0,001743;0,000864;0,000909;0,003185;0,000125;0,000375;0,000000;0,001250;354,471993;16,237940;326,380057;378,155294
77;-0,233517;0,002489;-0,237243;-0,229813;0,401346;0,015849;0,379030;0,431070;0,403000;0,011287;0,386373;0,421621;4,330000;0,000000;4,330000;4,330000;5192,532412;52,553041;5099,329555;5268,831401;-2285947563,874291;61533014,550725;-2384478998,091254;-2177553218,354695;0,005260;0,001338;0,003595;0,007382;0,025000;0,000000;0,025000;0,025000;0,472109;0,012597;0,449958;0,491391;0,105061;0,009622;0,090575;0,121057;0,297939;0,017571;0,266612;0,325385;0,888880;0,015592;0,864286;0,916968;0,822785;0,008989;0,808328;0,838051;0,546141;0,023765;0,507615;0,583938;0,062669;0,014096;0,042088;0,087395;0,001728;0,000882;0,000909;0,003638;0,000083;0,000312;0,000000;0,001250;344,922531;15,871466;316,452085;368,403509
78;-0,234557;0,002471;-0,238304;-0,230866;0,411612;0,015858;0,388420;0,441720;0,403490;0,011415;0,386781;0,422376;4,330000;0,000000;4,330000;4,330000;5157,862928;51,635973;5065,159967;5233,039176;-2271264175,118383;61296505,129603;-2369435114,496282;-2163198513,724289;0,005431;0,001505;0,003453;0,007760;0,025000;0,000000;0,025000;0,025000;0,462788;0,012431;0,440933;0,481792;0,105161;0,009620;0,090677;0,121376;0,298329;0,017711;0,266742;0,325589;0,891723;0,015669;0,870629;0,918728;0,824320;0,008894;0,809461;0,840685;0,546493;0,023914;0,507958;0,584392;0,063061;0,014272;0,042088;0,087395;0,001698;0,000924;0,000455;0,003640;0,000083;0,000312;0,000000;0,001250;335,550138;15,745236;306,767023;359,474433
79;-0,235571;0,002448;-0,239309;-0,231890;0,421749;0,015815;0,398710;0,451890;0,403853;0,011451;0,387291;0,422724;4,330000;0,000000;4,330000;4,330000;5124,178186;50,710552;5032,076369;5197,898271;-2256738649,940913;61078713,841841;-2354601117,773447;-2149025821,965434;0,005410;0,001580;0,003459;0,008314;0,025000;0,000000;0,025000;0,025000;0,453614;0,012263;0,432058;0,472336;0,105278;0,009605;0,090779;0,121413;0,298575;0,017763;0,266925;0,325724;0,893384;0,015243;0,873188;0,920578;0,825536;0,008987;0,810118;0,841343;0,546775;0,023979;0,507962;0,584298;0,063181;0,014311;0,042088;0,089076;0,001713;0,000892;0,000455;0,003186;0,000083;0,000312;0,000000;0,001250;326,373294;15,277223;297,503025;350,212983
80;-0,236550;0,002409;-0,240244;-0,232892;0,431670;0,015547;0,408800;0,461690;0,404196;0,011480;0,388351;0,423175;4,330000;0,000000;4,330000;4,330000;5091,512375;49,669701;5000,193133;5163,922729;-2242385301,314318;60862681,066456;-2339985648,929840;-2135032162,155335;0,005355;0,001522;0,003308;0,008051;0,025000;0,000000;0,025000;0,025000;0,444587;0,012094;0,423333;0,463029;0,105365;0,009589;0,090881;0,121528;0,298831;0,017800;0,267157;0,326266;0,894907;0,014932;0,875000;0,921986;0,826602;0,009011;0,812089;0,843318;0,547049;0,024027;0,507850;0,585338;0,063349;0,014370;0,042088;0,089076;0,001774;0,000913;0,000455;0,003638;0,000042;0,000224;0,000000;0,000000;317,581019;14,922314;288,894547;341,624613
81;-0,237479;0,002360;-0,241113;-0,233861;0,441162;0,015165;0,418960;0,470940;0,404462;0,011552;0,388611;0,423422;4,330000;0,000000;4,330000;4,330000;5060,029265;48,486487;4969,681954;5130,665001;-2228211514,354426;60629350,291334;-2325455807,344384;-2121221771,566916;0,005710;0,001480;0,003543;0,008367;0,025000;0,000000;0,025000;0,025000;0,435711;0,011923;0,414760;0,453867;0,105448;0,009611;0,090881;0,121757;0,299013;0,017877;0,267109;0,326639;0,896563;0,014878;0,875000;0,921986;0,827484;0,009049;0,812746;0,843976;0,547231;0,024114;0,508081;0,585698;0,063577;0,014252;0,042088;0,089076;0,001759;0,000768;0,000455;0,003186;0,000083;0,000312;0,000000;0,001250;309,356950;14,546804;280,968328;333,273715
82;-0,238363;0,002304;-0,241910;-0,234797;0,450499;0,014870;0,428950;0,479460;0,404650;0,011633;0,388549;0,423523;4,330000;0,000000;4,330000;4,330000;5029,690012;47,236191;4940,788223;5098,483418;-2214169678,663260;60400181,644540;-2311118861,695729;-2107612953,952854;0,005999;0,001570;0,003442;0,008826;0,025000;0,000000;0,025000;0,025000;0,426983;0,011750;0,406341;0,444854;0,105559;0,009573;0,091197;0,121794;0,299090;0,017920;0,267089;0,326945;0,897492;0,014841;0,876812;0,925532;0,828085;0,009307;0,812623;0,845293;0,547386;0,024166;0,507973;0,585925;0,064029;0,014237;0,042088;0,089076;0,001744;0,000807;0,000455;0,003186;0,000042;0,000224;0,000000;0,000000;301,834270;13,931936;273,947883;324,975620
83;-0,239202;0,002257;-0,242663;-0,235677;0,459534;0,014708;0,437910;0,488490;0,404760;0,011708;0,388775;0,423829;4,330000;0,000000;4,330000;4,330000;5000,485634;46,024151;4912,963680;5067,715090;-2200293088,925191;60190649,095884;-2296972548,342774;-2094116398,837432;0,006563;0,001711;0,004176;0,009873;0,025000;0,000000;0,025000;0,025000;0,418404;0,011578;0,398070;0,435995;0,105654;0,009593;0,091141;0,121856;0,299107;0,017994;0,266919;0,327080;0,898671;0,015260;0,876812;0,925795;0,828815;0,009255;0,814276;0,846509;0,547393;0,024295;0,507868;0,586152;0,064253;0,014318;0,042088;0,089076;0,001684;0,000781;0,000455;0,002733;0,000042;0,000224;0,000000;0,000000;294,576882;13,235940;268,298498;315,848419
84;-0,240008;0,002217;-0,243405;-0,236510;0,468570;0,014553;0,446830;0,497560;0,404844;0,011787;0,388809;0,424017;4,330000;0,000000;4,330000;4,330000;4972,263754;44,882860;4885,973823;5038,457218;-2186543663,303084;59978734,217865;-2282948355,067273;-2080749307,914624;0,007083;0,001824;0,004263;0,010196;0,025000;0,000000;0,025000;0,025000;0,409971;0,011406;0,389944;0,427284;0,105750;0,009605;0,091188;0,122009;0,299094;0,018081;0,266926;0,327180;0,900326;0,015613;0,876812;0,925795;0,829424;0,009258;0,814815;0,846509;0,547336;0,024362;0,507759;0,585870;0,064477;0,014290;0,042088;0,089076;0,001653;0,000835;0,000455;0,003188;0,000042;0,000224;0,000000;0,000000;287,961742;12,712654;262,421435;308,918321
85;-0,240771;0,002184;-0,244099;-0,237315;0,477169;0,014527;0,455720;0,506560;0,404841;0,011830;0,388787;0,424264;4,330000;0,000000;4,330000;4,330000;4945,118809;43,872930;4859,718554;5010,209612;-2172966067,767638;59794853,455310;-2269077514,216601;-2067480661,079983;0,007605;0,002095;0,004626;0,011821;0,025000;0,000000;0,025000;0,025000;0,401686;0,011235;0,381959;0,418721;0,105843;0,009583;0,091346;0,121969;0,298997;0,018126;0,266858;0,327247;0,901147;0,015725;0,876812;0,925795;0,829671;0,009285;0,815010;0,846407;0,547292;0,024438;0,507766;0,586003;0,064704;0,014047;0,042088;0,089076;0,001578;0,000854;0,000000;0,003188;0,000042;0,000224;0,000000;0,000000;281,632772;12,134835;257,873404;302,018361
86;-0,241498;0,002153;-0,244708;-0,238091;0,485702;0,014368;0,463650;0,514040;0,404783;0,011906;0,388343;0,424029;4,330000;0,000000;4,330000;4,330000;4918,952166;42,926989;4834,922326;4983,076320;-2159525345,401084;59611014,455930;-2255430038,358586;-2054472752,339254;0,008356;0,002565;0,005130;0,013437;0,025000;0,000000;0,025000;0,025000;0,393547;0,011065;0,374123;0,410311;0,105910;0,009570;0,091402;0,121594;0,298872;0,018194;0,266749;0,327108;0,902092;0,015618;0,876812;0,929078;0,830138;0,009448;0,815303;0,846966;0,547098;0,024468;0,506978;0,585532;0,064819;0,013884;0,042088;0,089076;0,001502;0,000799;0,000455;0,003188;0,000042;0,000224;0,000000;0,000000;276,088687;11,793225;252,817810;295,719482
87;-0,242191;0,002117;-0,245311;-0,238830;0,494064;0,014115;0,471910;0,521940;0,404651;0,011942;0,387966;0,423838;4,330000;0,000000;4,330000;4,330000;4893,705321;41,986511;4811,215735;4957,107252;-2146206404,002096;59423873,887788;-2241897221,722280;-2041541733,017309;0,009575;0,003156;0,005646;0,016451;0,025000;0,000000;0,025000;0,025000;0,385553;0,010895;0,366432;0,402049;0,105955;0,009538;0,091532;0,121259;0,298696;0,018224;0,266708;0,326935;0,902917;0,015309;0,876812;0,929078;0,830359;0,009424;0,815182;0,847424;0,546880;0,024551;0,506526;0,585477;0,064987;0,013793;0,042088;0,089076;0,001396;0,000814;0,000455;0,002733;0,000042;0,000224;0,000000;0,000000;271,010517;11,452646;248,149159;290,469503
88;-0,242825;0,002039;-0,245893;-0,239546;0,501995;0,013758;0,480670;0,529250;0,404480;0,012046;0,387858;0,423983;4,330000;0,000000;4,330000;4,330000;4869,782535;40,319725;4788,664605;4931,939027;-2133026285,574290;59220551,896387;-2228414555,429271;-2028747183,503361;0,010579;0,003370;0,006513;0,017345;0,025000;0,000000;0,025000;0,025000;0,377705;0,010720;0,358886;0,393928;0,106034;0,009515;0,091579;0,121321;0,298446;0,018299;0,266537;0,326968;0,903629;0,015315;0,880435;0,929078;0,830548;0,009377;0,815059;0,848745;0,546606;0,024710;0,506416;0,585610;0,065435;0,013721;0,045455;0,089076;0,001320;0,000818;0,000455;0,002733;0,000042;0,000224;0,000000;0,000000;266,279801;11,067850;244,791051;285,086915
89;-0,243362;0,001903;-0,246024;-0,240204;0,509677;0,013642;0,488170;0,536640;0,404244;0,012114;0,387166;0,424069;4,330000;0,000000;4,330000;4,330000;4847,843800;36,980117;4787,167767;4907,952048;-2119983666,618782;59029281,895979;-2215137130,255531;-2016184247,267776;0,012035;0,003918;0,006507;0,018355;0,025000;0,000000;0,025000;0,025000;0,370007;0,010535;0,351594;0,385954;0,106050;0,009501;0,091514;0,120842;0,298194;0,018307;0,266324;0,326760;0,904813;0,015721;0,880435;0,931408;0,830581;0,009432;0,814937;0,848645;0,546315;0,024715;0,505623;0,585688;0,065334;0,013828;0,045455;0,090756;0,001229;0,000764;0,000455;0,002733;0,000042;0,000224;0,000000;0,000000;262,118592;10,435321;242,335535;280,085134
90;-0,243795;0,001737;-0,246107;-0,240801;0,517044;0,013583;0,495540;0,544340;0,403877;0,012205;0,386088;0,423862;4,330000;0,000000;4,330000;4,330000;4828,245959;32,445434;4786,505034;4885,106513;-2107073077,416059;58838870,022344;-2201975378,881631;-2003684464,788098;0,013739;0,004424;0,006652;0,022950;0,025000;0,000000;0,025000;0,025000;0,362459;0,010342;0,344443;0,378126;0,106083;0,009521;0,091542;0,120877;0,297794;0,018390;0,265590;0,326791;0,905527;0,015218;0,880435;0,931408;0,830717;0,009321;0,815037;0,848645;0,545819;0,024841;0,503917;0,585955;0,065341;0,013793;0,045455;0,090756;0,001123;0,000769;0,000000;0,002732;0,000042;0,000224;0,000000;0,000000;258,559845;9,937559;241,010069;276,805925
91;-0,244073;0,001566;-0,246508;-0,241337;0,524280;0,013698;0,502630;0,552720;0,403313;0,012389;0,385561;0,423509;4,330000;0,000000;4,330000;4,330000;4812,158672;26,292032;4785,927379;4863,340432;-2094282661,610377;58653439,574508;-2188909150,393971;-1991178557,417334;0,016166;0,005728;0,007869;0,030389;0,025000;0,000000;0,025000;0,025000;0,355068;0,010140;0,337426;0,370442;0,106132;0,009538;0,091450;0,121781;0,297180;0,018643;0,265234;0,326856;0,905880;0,015402;0,880435;0,931408;0,830729;0,009435;0,814692;0,848545;0,545175;0,024985;0,504519;0,585806;0,065135;0,013817;0,045455;0,090756;0,000972;0,000703;0,000000;0,002279;0,000042;0,000224;0,000000;0,000000;255,601095;9,344075;239,854758;273,357260
92;-0,244152;0,001296;-0,246024;-0,241846;0,531611;0,014089;0,509920;0,561240;0,402686;0,012694;0,383840;0,423301;4,330000;0,000000;4,330000;4,330000;4800,953215;19,235307;4784,719517;4842,155721;-2081594039,788655;58490822,375229;-2175888934,979678;-1978669541,849322;0,018887;0,008112;0,008386;0,041716;0,025000;0,000000;0,025000;0,025000;0,347838;0,009934;0,330537;0,362897;0,106162;0,009607;0,091077;0,122550;0,296524;0,019028;0,263475;0,326167;0,906120;0,015376;0,880435;0,931408;0,830843;0,009402;0,814864;0,848445;0,544421;0,025313;0,502572;0,584858;0,064938;0,013732;0,045455;0,092127;0,000881;0,000705;0,000000;0,002279;0,000042;0,000224;0,000000;0,000000;253,170558;8,723266;237,439033;269,867726
93;-0,244058;0,001252;-0,246129;-0,241593;0,538797;0,014751;0,517100;0,569930;0,401531;0,013565;0,378338;0,423167;4,330000;0,000000;4,330000;4,330000;4794,869868;12,148817;4782,642894;4821,793957;-2069028802,960353;58375277,678186;-2162989611,954423;-1966209996,781249;0,023140;0,011914;0,010447;0,051646;0,025000;0,000000;0,025000;0,025000;0,340770;0,009741;0,323776;0,355491;0,106300;0,009790;0,090816;0,124066;0,295231;0,020132;0,254048;0,325405;0,906823;0,015449;0,880435;0,931408;0,830677;0,009590;0,814371;0,848244;0,543041;0,026400;0,499289;0,584555;0,064733;0,013832;0,043845;0,092127;0,000714;0,000619;0,000000;0,001824;0,000042;0,000224;0,000000;0,000000;251,122825;8,415932;233,285789;265,751087
94;-0,243953;0,001383;-0,245825;-0,241100;0,546459;0,016210;0,523970;0,579620;0,399932;0,015131;0,367499;0,423002;4,330000;0,000000;4,330000;4,330000;4791,834066;6,701462;4781,260275;4802,398773;-2056507246,050391;58352610,842145;-2150212572,925341;-1953736635,965265;0,028671;0,017029;0,013135;0,060575;0,025000;0,000000;0,025000;0,025000;0,333850;0,009566;0,317142;0,348225;0,106532;0,010067;0,090534;0,123886;0,293400;0,022074;0,246309;0,325054;0,907058;0,015337;0,880435;0,931408;0,830744;0,010027;0,814963;0,848303;0,540837;0,028581;0,490796;0,583697;0,064502;0,013619;0,042230;0,090909;0,000699;0,000663;0,000000;0,002275;0,000042;0,000224;0,000000;0,000000;249,727062;8,530481;230,520550;262,873907
95;-0,243937;0,001551;-0,245842;-0,240846;0,554642;0,018260;0,530500;0,590980;0,397417;0,017324;0,359823;0,422272;4,330000;0,000000;4,330000;4,330000;4790,141051;4,907597;4779,442354;4796,278242;-2043997725,267770;58411246,283440;-2137629359,688478;-1941161792,721271;0,036283;0,022808;0,014828;0,076745;0,025000;0,000000;0,025000;0,025000;0,327066;0,009406;0,310630;0,341169;0,106976;0,010365;0,090571;0,124011;0,290440;0,024722;0,237330;0,324661;0,907418;0,015387;0,880435;0,931408;0,830715;0,010479;0,814690;0,848465;0,537371;0,031824;0,470636;0,583832;0,064215;0,013591;0,042230;0,089376;0,000653;0,000585;0,000000;0,001824;0,000000;0,000000;0,000000;0,000000;248,185454;9,707539;226,884708;260,555163
96;-0,244020;0,001683;-0,246322;-0,240817;0,563813;0,020485;0,536810;0,603810;0,393336;0,020470;0,347735;0,422302;4,330000;0,000000;4,330000;4,330000;4789,076746;5,962965;4776,687702;4795,820406;-2031445011,217809;58529277,549332;-2125187214,328753;-1928488643,773694;0,047571;0,030311;0,018544;0,100117;0,025000;0,000000;0,025000;0,025000;0,320472;0,009117;0,304237;0,334273;0,107660;0,010747;0,091136;0,125341;0,285675;0,028406;0,223190;0,324296;0,907418;0,015387;0,880435;0,931408;0,830043;0,011146;0,812287;0,848161;0,531400;0,036760;0,445395;0,583911;0,063946;0,013466;0,042230;0,089376;0,000668;0,000573;0,000000;0,001823;0,000000;0,000000;0,000000;0,000000;246,153492;11,925929;221,375405;259,640813
97;-0,244229;0,001815;-0,246805;-0,240873;0,574213;0,023296;0,543720;0,619780;0,386865;0,024353;0,333145;0,420699;4,330000;0,000000;4,330000;4,330000;4787,504317;7,400930;4772,945838;4795,839278;-2018800672,477265;58757262,829192;-2112743498,789126;-1915375241,517638;0,064399;0,038405;0,022766;0,129715;0,025000;0,000000;0,025000;0,025000;0,314215;0,008451;0,300000;0,327508;0,108551;0,011280;0,091492;0,127538;0,278314;0,032887;0,205952;0,322848;0,907768;0,015515;0,880435;0,931408;0,828808;0,012263;0,810249;0,847503;0,521667;0,043152;0,420039;0,581666;0,063633;0,013801;0,042230;0,089376;0,000517;0,000496;0,000000;0,001369;0,000000;0,000000;0,000000;0,000000;243,008633;14,801860;213,891676;259,678556
98;-0,244551;0,001963;-0,247442;-0,241065;0,586222;0,026498;0,551370;0,638120;0,378164;0,028207;0,316880;0,418170;4,330000;0,000000;4,330000;4,330000;4785,081307;9,488549;4766,382777;4795,605972;-2006000727,288536;59091454,210410;-2100266182,699110;-1901627984,835091;0,085277;0,046462;0,028123;0,166949;0,025000;0,000000;0,025000;0,025000;0,308522;0,007329;0,300000;0,320866;0,109719;0,011715;0,092606;0,129915;0,268446;0,037179;0,187660;0,319182;0,908121;0,015723;0,880435;0,931408;0,826840;0,013539;0,807255;0,845827;0,508029;0,049496;0,395080;0,579977;0,062833;0,013801;0,042230;0,089527;0,000471;0,000492;0,000000;0,001369;0,000000;0,000000;0,000000;0,000000;238,162614;18,977099;200,765554;259,211943
99;-0,244979;0,002137;-0,248306;-0,241321;0,599615;0,029443;0,559340;0,656310;0,367276;0,031490;0,300455;0,413513;4,330000;0,000000;4,330000;4,330000;4781,417190;12,207539;4755,901348;4794,930451;-1992980177,875192;59501787,523365;-2087795991,725108;-1887878034,556280;0,110582;0,051584;0,039547;0,197288;0,025000;0,000000;0,025000;0,025000;0,304233;0,005323;0,300000;0,314348;0,111122;0,012175;0,093291;0,132567;0,256154;0,040858;0,169021;0,314325;0,908241;0,015806;0,880435;0,931408;0,824209;0,014893;0,801616;0,843478;0,490613;0,055681;0,366534;0,572329;0,062317;0,013811;0,042230;0,088435;0,000395;0,000509;0,000000;0,001366;0,000000;0,000000;0,000000;0,000000;230,834380;24,415078;179,802696;257,860901
100;-0,245516;0,002320;-0,249243;-0,241696;0,614500;0,031649;0,568840;0,673510;0,354136;0,034184;0,286030;0,406484;4,330000;0,000000;4,330000;4,330000;4776,117940;15,271937;4744,593977;4794,016264;-1979712877,119489;59852975,872528;-2075234699,530697;-1874350187,690182;0,138910;0,055409;0,055680;0,225976;0,025000;0,000000;0,025000;0,025000;0,301464;0,003036;0,300000;0,307951;0,112811;0,012393;0,095233;0,134596;0,241325;0,043585;0,152721;0,306441;0,908241;0,015806;0,880435;0,931408;0,820617;0,016576;0,796816;0,842177;0,469140;0,060642;0,342490;0,561430;0,061740;0,013574;0,042373;0,089347;0,000349;0,000451;0,000000;0,001366;0,000000;0,000000;0,000000;0,000000;220,235880;30,543874;157,187955;256,032529
101;-0,246152;0,002465;-0,250096;-0,242202;0,630526;0,032976;0,580820;0,689240;0,339576;0,035697;0,271263;0,396685;4,330000;0,000000;4,330000;4,330000;4768,973310;18,070870;4733,608752;4792,257383;-1966225299,477818;60007003,820663;-2062480567,301340;-1861132670,215292;0,168592;0,056725;0,078074;0,256972;0,025000;0,000000;0,025000;0,025000;0,300321;0,001448;0,300000;0,301670;0,114568;0,012335;0,096918;0,134852;0,225008;0,044757;0,137141;0,293011;0,908241;0,015806;0,880435;0,931408;0,816173;0,018306;0,789308;0,838102;0,444830;0,063996;0,316000;0,544232;0,061360;0,013485;0,042662;0,088083;0,000319;0,000443;0,000000;0,001366;0,000000;0,000000;0,000000;0,000000;205,946620;36,141741;135,217504;252,514767
102;-0,246875;0,002514;-0,250747;-0,242938;0,647085;0,033016;0,594130;0,702700;0,324691;0,035928;0,259402;0,387627;4,330000;0,000000;4,330000;4,330000;4760,045551;19,965135;4723,445065;4789,102680;-1952664104,328042;59899440,020635;-2049173579,667342;-1848305540,440782;0,197477;0,054993;0,107363;0,280371;0,025000;0,000000;0,025000;0,025000;0,300056;0,000300;0,300000;0,300000;0,116309;0,012301;0,098444;0,135157;0,208382;0,044614;0,125016;0,283500;0,908359;0,015973;0,880435;0,932624;0,811515;0,019763;0,782219;0,835319;0,419147;0,064853;0,296030;0,534351;0,061231;0,013085;0,042808;0,086655;0,000258;0,000366;0,000000;0,000913;0,000044;0,000236;0,000000;0,000000;188,091102;39,930271;114,890129;246,205361
103;-0,247593;0,002465;-0,251204;-0,243717;0,663210;0,032176;0,611080;0,714160;0,309220;0,035267;0,249444;0,373516;4,330000;0,000000;4,330000;4,330000;4750,019881;20,626287;4714,594263;4782,661049;-1939223666,173932;59590198,328145;-2035332334,820007;-1835845816,251963;0,227380;0,052300;0,139088;0,299799;0,025000;0,000000;0,025000;0,025000;0,300000;0,000000;0,300000;0,300000;0,117713;0,011879;0,099976;0,135181;0,191507;0,043237;0,114263;0,269366;0,908359;0,015973;0,880435;0,932624;0,805528;0,021511;0,773920;0,832502;0,392551;0,063781;0,277626;0,511383;0,060714;0,013082;0,041308;0,087413;0,000167;0,000276;0,000000;0,000913;0,000000;0,000000;0,000000;0,000000;168,039763;41,252574;97,188527;233,322098
104;-0,248253;0,002373;-0,251634;-0,244417;0,678876;0,030541;0,627490;0,724470;0,294260;0,033839;0,239159;0,356335;4,330000;0,000000;4,330000;4,330000;4739,866160;20,396959;4707,032826;4772,843458;-1925964765,570961;59145708,382755;-2021534693,806083;-1823656890,127640;0,253121;0,048224;0,166011;0,315165;0,025000;0,000000;0,025000;0,025000;0,300000;0,000000;0,300000;0,300000;0,119095;0,011636;0,100974;0,135980;0,175165;0,041183;0,104150;0,249913;0,908359;0,015973;0,880435;0,932624;0,799355;0,023113;0,768357;0,829197;0,366121;0,060963;0,262947;0,481799;0,059893;0,013122;0,041379;0,086116;0,000182;0,000303;0,000000;0,000913;0,000000;0,000000;0,000000;0,000000;147,732320;40,793918;82,065652;213,686915
105;-0,248829;0,002259;-0,251911;-0,245059;0,693588;0,028392;0,646460;0,733560;0,279786;0,032186;0,228699;0,337865;4,330000;0,000000;4,330000;4,330000;4729,902714;19,507988;4700,343073;4762,498641;-1912948292,171770;58628450,833782;-2007638753,307997;-1811712788,250480;0,276761;0,043425;0,194884;0,330908;0,025000;0,000000;0,025000;0,025000;0,300000;0,000000;0,300000;0,300000;0,120121;0,011275;0,101806;0,135767;0,159665;0,038729;0,094942;0,229816;0,908482;0,015900;0,880435;0,932624;0,792813;0,024165;0,761775;0,824284;0,340174;0,057906;0,249692;0,449779;0,059238;0,012745;0,041379;0,083039;0,000122;0,000287;0,000000;0,000913;0,000000;0,000000;0,000000;0,000000;127,805427;39,015977;68,686147;192,997283
106;-0,249286;0,002142;-0,251893;-0,245523;0,706964;0,026011;0,665130;0,741690;0,265581;0,030803;0,216828;0,320960;4,330000;0,000000;4,330000;4,330000;4720,472585;18,218914;4694,449045;4750,824171;-1900214974,987503;58089506,380911;-1993886222,388701;-1799975561,890658;0,298720;0,039781;0,220445;0,347333;0,025000;0,000000;0,025000;0,025000;0,300000;0,000000;0,300000;0,300000;0,120814;0,010796;0,103566;0,134562;0,144768;0,036450;0,083862;0,211581;0,908586;0,015847;0,880435;0,932624;0,784983;0,025888;0,751192;0,818331;0,314669;0,054949;0,232854;0,419236;0,058596;0,012754;0,041522;0,080214;0,000106;0,000255;0,000000;0,000911;0,000000;0,000000;0,000000;0,000000;108,945169;36,437828;56,898090;169,648342
107;-0,249646;0,002020;-0,252143;-0,245969;0,719423;0,023934;0,681330;0,751330;0,252970;0,028916;0,208263;0,302560;4,330000;0,000000;4,330000;4,330000;4711,835554;16,733430;4689,203791;4739,016338;-1887726674,706224;57595885,033034;-1980527020,639237;-1788211229,648259;0,315492;0,034993;0,241058;0,360594;0,025000;0,000000;0,025000;0,025000;0,300000;0,000000;0,300000;0,300000;0,121408;0,010290;0,104349;0,133539;0,131561;0,033825;0,076751;0,192156;0,908798;0,015503;0,880435;0,932624;0,776954;0,027000;0,738431;0,811683;0,292299;0,051323;0,219818;0,386065;0,058032;0,012493;0,041739;0,080357;0,000076;0,000170;0,000000;0,000457;0,000000;0,000000;0,000000;0,000000;91,671109;33,466861;46,407583;146,032675
108;-0,249906;0,001923;-0,252593;-0,246252;0,730388;0,021766;0,696860;0,758780;0,240769;0,027690;0,200427;0,288326;4,330000;0,000000;4,330000;4,330000;4703,846629;15,355445;4683,398600;4728,410790;-1875518211,653020;57120718,421609;-1967439920,610295;-1776703525,145289;0,331055;0,032368;0,261998;0,371602;0,025000;0,000000;0,025000;0,025000;0,300000;0,000000;0,300000;0,300000;0,121677;0,010000;0,104770;0,134197;0,119093;0,031792;0,068897;0,177070;0,909121;0,015348;0,880435;0,932624;0,768708;0,028685;0,724576;0,807595;0,270351;0,048571;0,203501;0,359328;0,057348;0,012478;0,040422;0,079137;0,000046;0,000137;0,000000;0,000457;0,000000;0,000000;0,000000;0,000000;75,693257;30,710890;34,797201;124,821581
109;-0,250060;0,001859;-0,252603;-0,246456;0,740533;0,020003;0,710450;0,766580;0,228848;0,025854;0,191496;0,272910;4,330000;0,000000;4,330000;4,330000;4696,743819;13,965585;4678,516501;4718,446723;-1863526408,982318;56705453,987227;-1954703196,845663;-1765277462,495889;0,344925;0,028609;0,278911;0,383715;0,025000;0,000000;0,025000;0,025000;0,300000;0,000000;0,300000;0,300000;0,121822;0,009765;0,105183;0,133371;0,107027;0,029208;0,061469;0,159968;0,909447;0,015305;0,880435;0,932624;0,759532;0,031161;0,712707;0,801645;0,248643;0,043797;0,185762;0,326885;0,056633;0,012314;0,040564;0,078995;0,000046;0,000137;0,000000;0,000457;0,000000;0,000000;0,000000;0,000000;61,487638;27,931171;25,033001;104,893446
110;-0,250145;0,001809;-0,252695;-0,246622;0,750048;0,018068;0,723690;0,773330;0,218113;0,023979;0,184485;0,257719;4,330000;0,000000;4,330000;4,330000;4690,254462;12,771225;4673,692620;4709,595588;-1851713066,838623;56304267,144519;-1942178256,214854;-1754017852,726229;0,356194;0,025163;0,297804;0,382594;0,025000;0,000000;0,025000;0,025000;0,300000;0,000000;0,300000;0,300000;0,121655;0,009420;0,105204;0,133808;0,096459;0,026691;0,055433;0,144229;0,909556;0,015232;0,880435;0,932624;0,750189;0,033020;0,700243;0,795606;0,229496;0,039217;0,177204;0,296758;0,055749;0,012198;0,039007;0,077617;0,000030;0,000114;0,000000;0,000456;0,000000;0,000000;0,000000;0,000000;48,508923;25,542450;15,385241;87,191176
111;-0,250150;0,001781;-0,252674;-0,246650;0,758567;0,016469;0,735750;0,779760;0,207689;0,022052;0,176569;0,245307;4,330000;0,000000;4,330000;4,330000;4684,343722;11,326294;4669,382244;4701,200839;-1840077458,981556;55991531,518646;-1929902366,094064;-1742929285,128565;0,367211;0,022511;0,313409;0,394652;0,025000;0,000000;0,025000;0,025000;0,300000;0,000000;0,300000;0,300000;0,121113;0,009379;0,105400;0,133575;0,086576;0,024045;0,049717;0,131830;0,909556;0,015232;0,880435;0,932624;0,739861;0,034752;0,688295;0,785714;0,211338;0,034149;0,169655;0,274103;0,054797;0,012557;0,039216;0,078040;0,000030;0,000114;0,000000;0,000457;0,000000;0,000000;0,000000;0,000000;36,687444;22,652589;6,764488;70,401678
112;-0,250088;0,001750;-0,252591;-0,246662;0,766548;0,014920;0,745590;0,785910;0,197873;0,020668;0,166795;0,232385;4,330000;0,000000;4,330000;4,330000;4679,054699;10,039258;4666,000000;4693,494239;-1828570827,461116;55758975,353842;-1917967495,655338;-1731868491,380050;0,375795;0,020753;0,328387;0,404265;0,025000;0,000000;0,025000;0,025000;0,300000;0,000000;0,300000;0,300000;0,120466;0,009045;0,105194;0,133412;0,077407;0,021887;0,044475;0,118479;0,909777;0,015334;0,880435;0,932624;0,729072;0,036848;0,675879;0,779167;0,193897;0,030026;0,161850;0,246619;0,054065;0,012284;0,037770;0,078467;0,000031;0,000114;0,000000;0,000457;0,000000;0,000000;0,000000;0,000000;26,109398;20,078516;0,000000;54,988478
113;-0,249953;0,001736;-0,252489;-0,246598;0,773763;0,013574;0,754880;0,791120;0,188838;0,019023;0,159844;0,218914;4,330000;0,000000;4,330000;4,330000;4674,586990;8,378608;4666,000000;4687,023067;-1817132647,085005;55703015,428155;-1906230348,220023;-1720371994,058168;0,382358;0,019144;0,335799;0,404813;0,025000;0,000000;0,025000;0,025000;0,300000;0,000000;0,300000;0,300000;0,119643;0,008756;0,104189;0,132166;0,069195;0,019353;0,040524;0,104933;0,910102;0,015203;0,881295;0,935714;0,718649;0,038216;0,659693;0,770355;0,177826;0,026529;0,151042;0,222897;0,053220;0,012611;0,036232;0,075368;0,000031;0,000115;0,000000;0,000459;0,000000;0,000000;0,000000;0,000000;17,173980;16,757215;0,000000;42,046134
114;-0,249746;0,001709;-0,252335;-0,246442;0,780296;0,012155;0,763510;0,795700;0,180469;0,017416;0,153919;0,206245;4,330000;0,000000;4,330000;4,330000;4671,052865;6,637224;4666,000000;4681,113335;-1805676546,218249;55825115,656979;-1894589567,935831;-1708522532,831396;0,387622;0,016738;0,349805;0,411923;0,025000;0,000000;0,025000;0,025000;0,300000;0,000000;0,300000;0,300000;0,118659;0,008477;0,103339;0,130871;0,061810;0,017173;0,036512;0,092193;0,910213;0,015173;0,881295;0,935714;0,707562;0,038723;0,646715;0,759909;0,163725;0,023240;0,138031;0,199421;0,052369;0,012438;0,036563;0,075368;0,000031;0,000115;0,000000;0,000460;0,000000;0,000000;0,000000;0,000000;10,105730;13,274449;0,000000;30,226671
115;-0,249459;0,001665;-0,251960;-0,246229;0,786222;0,010922;0,769920;0,799760;0,172569;0,016366;0,148154;0,198960;4,330000;0,000000;4,330000;4,330000;4668,524450;4,859204;4666,000000;4675,544037;-1794097853,303993;56155484,244752;-1883125498,976398;-1696313066,025821;0,392158;0,015420;0,358444;0,414889;0,025000;0,000000;0,025000;0,025000;0,300000;0,000000;0,300000;0,300000;0,117366;0,008105;0,102721;0,129216;0,055203;0,015256;0,033328;0,082666;0,910645;0,014880;0,883636;0,935714;0,695382;0,040460;0,634848;0,750591;0,150897;0,021053;0,127446;0,190781;0,051357;0,012780;0,036430;0,075506;0,000000;0,000000;0,000000;0,000000;0,000000;0,000000;0,000000;0,000000;5,048899;9,718408;0,000000;19,088075
116;-0,249092;0,001660;-0,251424;-0,245803;0,791467;0,009987;0,775850;0,803500;0,165016;0,015205;0,142696;0,190232;4,330000;0,000000;4,330000;4,330000;4667,034563;3,396388;4666,000000;4671,466476;-1782292777,479037;56656411,042395;-1871922042,874402;-1683777921,801770;0,395951;0,014267;0,367612;0,416613;0,025000;0,000000;0,025000;0,025000;0,300000;0,000000;0,300000;0,300000;0,115881;0,007824;0,101939;0,127009;0,049134;0,013688;0,030747;0,075781;0,910645;0,014880;0,883636;0,935714;0,682250;0,042787;0,615964;0,740696;0,139215;0,019071;0,116959;0,174880;0,050054;0,012785;0,033210;0,073937;0,000000;0,000000;0,000000;0,000000;0,000000;0,000000;0,000000;0,000000;2,069126;6,792777;0,000000;10,932952
117;-0,248671;0,001669;-0,250946;-0,245327;0,796285;0,009142;0,781220;0,806790;0,158515;0,014181;0,138469;0,182316;4,330000;0,000000;4,330000;4,330000;4666,496336;2,373419;4666,000000;4667,721108;-1770148559,359151;57213512,618822;-1860861447,424289;-1670983996,061415;0,397786;0,013489;0,370940;0,418303;0,025000;0,000000;0,025000;0,025000;0,300000;0,000000;0,300000;0,300000;0,114256;0,007660;0,100204;0,125079;0,044259;0,012144;0,028335;0,067299;0,910645;0,014880;0,883636;0,935714;0,670326;0,044112;0,603744;0,730818;0,129173;0,017204;0,107254;0,164816;0,048819;0,012818;0,032819;0,072356;0,000000;0,000000;0,000000;0,000000;0,000000;0,000000;0,000000;0,000000;0,992672;4,746838;0,000000;3,442215
118;-0,248242;0,001653;-0,250504;-0,244937;0,800454;0,008394;0,785960;0,810400;0,152434;0,013054;0,133728;0,173704;4,330000;0,000000;4,330000;4,330000;4666,284342;1,531227;4666,000000;4666,000000;-1757670804,231300;57770725,271181;-1849274519,635850;-1657915445,038452;0,398206;0,011508;0,378423;0,418412;0,025000;0,000000;0,025000;0,025000;0,300000;0,000000;0,300000;0,300000;0,112640;0,007469;0,098571;0,123508;0,039793;0,010742;0,025744;0,060072;0,910859;0,015155;0,883636;0,935714;0,658342;0,044916;0,585327;0,721245;0,119944;0,014964;0,099004;0,149362;0,047692;0,013207;0,029126;0,072761;0,000000;0,000000;0,000000;0,000000;0,000000;0,000000;0,000000;0,000000;0,568684;3,062455;0,000000;0,000000
119;-0,247815;0,001634;-0,250013;-0,244483;0,804297;0,007597;0,791040;0,813820;0,146909;0,011957;0,128624;0,166844;4,330000;0,000000;4,330000;4,330000;4666,148548;0,799956;4666,000000;4666,000000;-1744876278,890039;58322632,789910;-1837276559,737044;-1644575789,569837;0,398493;0,010863;0,381957;0,415642;0,025000;0,000000;0,025000;0,025000;0,300000;0,000000;0,300000;0,300000;0,110732;0,007473;0,097069;0,120695;0,036177;0,009351;0,023271;0,053085;0,911077;0,015088;0,883636;0,935714;0,646031;0,046072;0,573071;0,709318;0,112136;0,013518;0,092471;0,141405;0,046274;0,012607;0,029240;0,071295;0,000000;0,000000;0,000000;0,000000;0,000000;0,000000;0,000000;0,000000;0,297096;1,599911;0,000000;0,000000
120;-0,247396;0,001601;-0,249537;-0,244101;0,807718;0,006952;0,795310;0,816420;0,141821;0,010956;0,124404;0,159458;4,330000;0,000000;4,330000;4,330000;4666,001877;0,010109;4666,000000;4666,000000;-1731803769,718979;58879350,149295;-1824829721,088161;-1630969431,544038;0,397558;0,010200;0,378622;0,414223;0,025000;0,000000;0,025000;0,025000;0,300000;0,000000;0,300000;0,300000;0,108887;0,007135;0,095346;0,118526;0,032935;0,008158;0,021989;0,049702;0,911388;0,014773;0,883636;0,935714;0,633309;0,045638;0,564706;0,697194;0,105701;0,012740;0,084419;0,129656;0,044744;0,012055;0,029354;0,068053;0,000000;0,000000;0,000000;0,000000;0,000000;0,000000;0,000000;0,000000;0,003754;0,020218;0,000000;0,000000
